Movie_Title,Release_Date,Wikipedia_URL,Genre_1,Genre_2,Director_1,Director_2,Cast_1,Cast_2,Cast_3,Cast_4,Cast_5,Budget,Box_Office_Revenue
10 Cloverfield Lane,2016-03-08,https://en.wikipedia.org/wiki/10_Cloverfield_Lane,Thriller,Horror,Dan Trachtenberg,,Mary Elizabeth Winstead,John Goodman,John Gallagher,,,15000000,108300000
13 Hours: The Secret Soldiers of Benghazi,2016-01-15,https://en.wikipedia.org/wiki/13_Hours:_The_Secret_Soldiers_of_Benghazi,Action,Thriller,Michael Bay,,James Badge Dale,John Krasinski,Toby Stephens,Pablo Schreiber,Max Martini,45000000,69400000
2 Guns,2013-08-02,https://en.wikipedia.org/wiki/2_Guns,Action,Crime,Baltasar Kormákur,,Mark Wahlberg,Denzel Washington,Paula Patton,Bill Paxton,Edward James Olmos,61000000,131900000
21 Jump Street,2012-03-16,https://en.wikipedia.org/wiki/21_Jump_Street_(film),Comedy,Action,Phil Lord,Chris Miller,Jonah Hill,Channing Tatum,Ice Cube,Brie Larson,Rob Riggle,55000000,201500000
22 Jump Street,2014-06-04,https://en.wikipedia.org/wiki/22_Jump_Street,Action,Comedy,Phil Lord,Chris Miller,Channing Tatum,Jonah Hill,Ice Cube,,,84500000,331300000
300: Rise of an Empire,2014-03-04,https://en.wikipedia.org/wiki/300:_Rise_of_an_Empire,Action,Fantasy,Noam Murro,,Rodrigo Santoro,Eva Green,Sullivan Stapleton,Hans Matheson,Lena Headey,110000000,337600000
42,2013-04-12,https://en.wikipedia.org/wiki/42_(film),Biography,Drama,Brian Helgeland,,Harrison Ford,Chadwick Boseman,Christopher Meloni,Ryan Merriman,Andre Holland,40000000,97500000
71,2014-02-07,https://en.wikipedia.org/wiki/%252771_(film),Action,Drama,Yann Demange,,Jack O'Connell,Richard Dormer,Sean Harris,Sam Reid,,8100000,2900000
90 Minutes in Heaven,2015-09-11,https://en.wikipedia.org/wiki/90_Minutes_in_Heaven_(film),Drama,,Michael Polish,,Hayden Christensen,Kate Bosworth,Dwight Yoakam,Michael W. Smith,,5000000,4800000
A Good Day to Die Hard,2013-02-14,https://en.wikipedia.org/wiki/A_Good_Day_to_Die_Hard,Action,Thriller,John Moore,,Bruce Willis,Jai Courtney,Sebastian Koch,Yuliya Snigir,Radivoje Bukvić,92000000,304700000
A Haunted House,2013-01-11,https://en.wikipedia.org/wiki/A_Haunted_House_(film),Comedy,Horror,Michael Tiddes,,Marlon Wayans,Nick Swardson,David Koechner,Essence Atkins,Cedric the Entertainer,2500000,60100000
A Haunted House 2,2014-04-18,https://en.wikipedia.org/wiki/A_Haunted_House_2,Comedy,,Michael Tiddes,,Marlon Wayans,Jaime Pressly,Essence Atkins,Cedric the Entertainer,Gabriel Iglesias,4000000,24000000
A Long Way Down,2014-02-10,https://en.wikipedia.org/wiki/A_Long_Way_Down_(film),Comedy,,Pascal Chaumeil,,Toni Collette,Pierce Brosnan,Aaron Paul,Imogen Poots,,22700000,7100000
A Most Violent Year,2014-11-06,https://en.wikipedia.org/wiki/A_Most_Violent_Year,Action,Crime,J. C. Chandor,,Oscar Isaac,Jessica Chastain,Alessandro Nivola,David Oyelowo,Albert Brooks,20000000,12000000
A Most Wanted Man,2014-01-19,https://en.wikipedia.org/wiki/A_Most_Wanted_Man_(film),Thriller,,Anton Corbijn,,Philip Seymour Hoffman,Rachel McAdams,Robin Wright,Willem Dafoe,Grigoriy Dobrygin,15000000,36200000
A Thousand Words,2012-03-09,https://en.wikipedia.org/wiki/A_Thousand_Words_(film),Comedy,,Brian Robbins,,Eddie Murphy,Kerry Washington,Cliff Curtis,Clark Duke,Allison Janney,40000000,22000000
A Walk Among the Tombstones,2014-09-19,https://en.wikipedia.org/wiki/A_Walk_Among_the_Tombstones_(film),Crime,Drama,Scott Frank,,Liam Neeson,Dan Stevens,Ruth Wilson,Boyd Holbrook,,28000000,58800000
A Walk in the Woods,2015-01-23,https://en.wikipedia.org/wiki/A_Walk_in_the_Woods_(film),Adventure,Comedy,Ken Kwapis,,Robert Redford,Nick Nolte,Emma Thompson,,,8000000,36000000
Abraham Lincoln: Vampire Hunter,2012-06-22,https://en.wikipedia.org/wiki/Abraham_Lincoln:_Vampire_Hunter_(film),Horror,Action,Timur Bekmambetov,,Benjamin Walker,Dominic Cooper,Anthony Mackie,Mary Elizabeth Winstead,Rufus Sewell,99500000,116400000
After Earth,2013-05-31,https://en.wikipedia.org/wiki/After_Earth,Sci-Fi,,M. Night Shyamalan,,Jaden Smith,Will Smith,Isabelle Fuhrman,Zoe Kravitz,,130000000,243800000
Ain't Them Bodies Saints,2013-08-16,https://en.wikipedia.org/wiki/Ain%2527t_Them_Bodies_Saints,Drama,,David Lowery,,Casey Affleck,Rooney Mara,Ben Foster,Rami Malek,Keith Carradine,4000000,1000000
Alex Cross,2012-10-19,https://en.wikipedia.org/wiki/Alex_Cross_(film),Crime,Action,Rob Cohen,,Tyler Perry,Matthew Fox,Rachel Nichols,Edward Burns,Jean Reno,35000000,34600000
Aloha,2015-05-27,https://en.wikipedia.org/wiki/Aloha_(film),Romance,Comedy,Cameron Crowe,,Bradley Cooper,Emma Stone,Alec Baldwin,Rachel McAdams,Bill Murray,52000000,26300000
Alvin and the Chipmunks: The Road Chip,2015-12-18,https://en.wikipedia.org/wiki/Alvin_and_the_Chipmunks:_The_Road_Chip,Comedy,Family,Walt Becker,,Jason Lee,Tony Hale,Kimberly Williams-Paisley,Josh Green,Bella Thorne,90000000,234800000
American Reunion,2012-04-06,https://en.wikipedia.org/wiki/American_Reunion,Comedy,,Jon Hurwitz,,Alyson Hannigan,Seann William Scott,Tara Reid,Jason Biggs,Eugene Levy,50000000,235000000
American Sniper,2014-11-11,https://en.wikipedia.org/wiki/American_Sniper,Drama,,Clint Eastwood,,Bradley Cooper,Sienna Miller,Max Charles,Luke Grimes,,58800000,547400000
American Ultra,2015-08-21,https://en.wikipedia.org/wiki/American_Ultra,Action,Comedy,Nima Nourizadeh,,Jesse Eisenberg,Kristen Stewart,Connie Britton,Topher Grace,John Leguizamo,28000000,27100000
Amy,2015-06-16,https://en.wikipedia.org/wiki/Amy_(2015_film),Biography,Documentary,Asif Kapadia,,Amy Winehouse,Mitchell Winehouse,Janis Winehouse,Raye Cosbert,Nick Shymansky,3400000,22000000
Annabelle,2014-09-26,https://en.wikipedia.org/wiki/Annabelle_(film),Horror,,John R. Leonetti,,Annabelle Wallis,Alfre Woodard,Eric Ladin,Brian Howe,,6500000,256900000
Annie,2014-12-07,https://en.wikipedia.org/wiki/Annie_(2014_film),Comedy,Drama,Will Gluck,,Quvenzhané Wallis,Jamie Foxx,Cameron Diaz,Rose Byrne,Bobby Cannavale,65000000,133800000
Ant-Man,2015-06-29,https://en.wikipedia.org/wiki/Ant-Man_(film),Action,Adventure,Peyton Reed,,Paul Rudd,Evangeline Lilly,Corey Stoll,Bobby Cannavale,Michael Peña,130000000,519400000
Argo,2012-10-12,https://en.wikipedia.org/wiki/Argo_(2012_film),Drama,,Ben Affleck,,Ben Affleck,John Goodman,Alan Arkin,Bryan Cranston,Victor Garber,44500000,232300000
"As Above, So Below",2014-08-29,"https://en.wikipedia.org/wiki/As_Above,_So_Below_(film)",Horror,,John Erick Dowdle,,Drew Dowdle (screenplay)Perdita Weeks,Ben Feldman,Edwin Hodge,François Civil,Marion Lambert,5000000,5000000
Bad Moms,2016-07-29,https://en.wikipedia.org/wiki/Bad_Moms,Comedy,,Jon Lucas,Scott Moore,Mila Kunis,Christina Applegate,Kristen Bell,Jada Pinkett Smith,Kathryn Hahn,20000000,124200000
Barbershop: The Next Cut,2016-04-15,https://en.wikipedia.org/wiki/Barbershop:_The_Next_Cut,Comedy,,Malcolm D. Lee,,Ice Cube,Cedric the Entertainer,Nicki Minaj,Regina Hall,Eve,20000000,55000000
Batman v Superman: Dawn of Justice,2016-03-19,https://en.wikipedia.org/wiki/Batman_v_Superman:_Dawn_of_Justice,Action,,Zack Snyder,,Ben Affleck,Henry Cavill,Amy Adams,Jesse Eisenberg,Diane Lane,250000000,872700000
Batman: The Killing Joke,2016-07-25,https://en.wikipedia.org/wiki/Batman:_The_Killing_Joke_(film),Action,,Sam Liu,Bruce Timm,Kevin Conroy,Mark Hamill,Tara Strong,Ray Wise,,3500000,4400000
Battle of the Year,2013-09-20,https://en.wikipedia.org/wiki/Battle_of_the_Year_(film),Musical,,Benson Lee,,Josh Holloway,Laz Alonso,Josh Peck,Caity Lotz,Chris Brown,20000000,16500000
Battleship,2012-05-18,https://en.wikipedia.org/wiki/Battleship_(film),Action,Sci-Fi,Peter Berg,,Alexander Skarsgård,Taylor Kitsch,Brooklyn Decker,Rihanna,Liam Neeson,220000000,303000000
Beasts of the Southern Wild,2012-06-27,https://en.wikipedia.org/wiki/Beasts_of_the_Southern_Wild,Drama,Fantasy,Benh Zeitlin,,Quvenzhané Wallis,Dwight Henry,,,,1800000,21900000
Beautiful Creatures,2013-02-14,https://en.wikipedia.org/wiki/Beautiful_Creatures_(2013_film),Fantasy,Romance,Richard LaGravenese,,Viola Davis,Alice Englert,Emma Thompson,Emmy Rossum,Jeremy Irons,60000000,60100000
Before I Go to Sleep,2014-09-04,https://en.wikipedia.org/wiki/Before_I_Go_to_Sleep_(film),Mystery,Thriller,Rowan Joffé,,Nicole Kidman,Mark Strong,Colin Firth,Anne-Marie Duff,,22000000,15100000
Ben-Hur,2016-08-19,https://en.wikipedia.org/wiki/Ben-Hur_(2016_film),Adventure,,Timur Bekmambetov,,Jack Huston,Morgan Freeman,Toby Kebbell,Rodrigo Santoro,Nazanin Boniadi,100000000,41400000
Beyond the Lights,2014-09-06,https://en.wikipedia.org/wiki/Beyond_the_Lights,Romance,Drama,Gina Prince-Bythewood,,Gugu Mbatha-Raw,Nate Parker,Minnie Driver,Danny Glover,,7000000,14600000
Big Eyes,2014-12-25,https://en.wikipedia.org/wiki/Big_Eyes,Biography,Drama,Tim Burton,,Amy Adams,Christoph Waltz,Krysten Ritter,Danny Huston,Terence Stamp,10000000,29300000
Black Mass,2015-09-04,https://en.wikipedia.org/wiki/Black_Mass_(film),Action,Drama,Scott Cooper,,Johnny Depp,Joel Edgerton,Benedict Cumberbatch,Sienna Miller,Dakota Johnson,53000000,99800000
Blackhat,2015-01-08,https://en.wikipedia.org/wiki/Blackhat_(film),Action,Thriller,Michael Mann,,Chris Hemsworth,Viola Davis,John Ortiz,Yorick van Wageningen,Tang Wei,70000000,19700000
Blended,2014-05-23,https://en.wikipedia.org/wiki/Blended_(film),Comedy,Romance,Frank Coraci,,Adam Sandler,Drew Barrymore,Bella Thorne,Emma Fuhrmann,Terry Crews,40000000,128000000
Blue Jasmine,2013-07-26,https://en.wikipedia.org/wiki/Blue_Jasmine,Drama,,Woody Allen,,Alec Baldwin,Cate Blanchett,Bobby Cannavale,Louis C.K.,Andrew Dice Clay,18000000,97500000
Boyhood,2014-01-19,https://en.wikipedia.org/wiki/Boyhood_(film),Drama,,Richard Linklater,,Ethan Hawke,Patricia Arquette,Ellar Coltrane,,,4000000,44500000
Brick Mansions,2014-04-23,https://en.wikipedia.org/wiki/Brick_Mansions,Action,,Camille Delamarre,,Paul Walker,David Belle,RZA,,,23000000,69000000
Bridge of Spies,2015-10-04,https://en.wikipedia.org/wiki/Bridge_of_Spies_(film),Drama,,Steven Spielberg,,Tom Hanks,Mark Rylance,Amy Ryan,Alan Alda,Austin Stowell,40000000,165500000
Brooklyn,2015-01-26,https://en.wikipedia.org/wiki/Brooklyn_(film),Drama,Romance,John Crowley,,Saoirse Ronan,Emory Cohen,Domhnall Gleeson,Jim Broadbent,Julie Walters,11000000,62100000
Bullet to the Head,2013-02-01,https://en.wikipedia.org/wiki/Bullet_to_the_Head,Crime,Action,Walter Hill,,Sylvester Stallone,Sung Kang,Sarah Shahi,Adewale Akinnuoye-Agbaje,Religious Slater,55000000,21900000
Burnt,2015-10-06,https://en.wikipedia.org/wiki/Burnt_(film),Comedy,Drama,John Wells,,Bradley Cooper,Jamie Dornan,Emma Thompson,Sienna Miller,Daniel Brühl,20000000,36600000
By the Sea,2015-11-05,https://en.wikipedia.org/wiki/By_the_Sea_(2015_film),Drama,,Angelina Jolie,,Angelina Jolie,Brad Pitt,Mélanie Laurent,Niels Arestrup,Melvil Poupaud,10000000,3300000
Captain America: The Winter Soldier,2014-03-13,https://en.wikipedia.org/wiki/Captain_America:_The_Winter_Soldier,Action,,Anthony Russo,Joe Russo,Chris Evans,Scarlett Johansson,Sebastian Stan,Anthony Mackie,Cobie Smulders,170000000,714400000
Captive,2015-09-18,https://en.wikipedia.org/wiki/Captive_(2015_film),Crime,Thriller,Jerry Jameson,,David Oyelowo,Kate Mara,Michael K. Williams,Leonor Varela,Jessica Oyelowo,2000000,2800000
Carol,2015-05-17,https://en.wikipedia.org/wiki/Carol_(film),Drama,,Todd Haynes,,Cate Blanchett,Rooney Mara,Sarah Paulson,Kyle Chandler,Jake Lacy,11800000,40300000
Central Intelligence,2016-06-10,https://en.wikipedia.org/wiki/Central_Intelligence,Action,Comedy,Rawson Marshall Thurber,,Dwayne Johnson,Kevin Hart,Amy Ryan,Aaron Paul,,50000000,212200000
Cesar Chavez,2014-02-12,https://en.wikipedia.org/wiki/Cesar_Chavez_(film),Drama,,Diego Luna,,Michael Peña,America Ferrera,Rosario Dawson,John Malkovich,,10000000,6700000
Chappie,2015-03-04,https://en.wikipedia.org/wiki/Chappie_(film),Sci-Fi,,Neill Blomkamp,,Sharlto Copley,Ninja,Yolandi Visser,Dev Patel,Hugh Jackman,49000000,102100000
Chasing Mavericks,2012-10-26,https://en.wikipedia.org/wiki/Chasing_Mavericks,Biography,Drama,Curtis Hanson,Michael Apted,Gerard Butler,Jonny Weston,Elisabeth Shue,Abigail Spencer,,20000000,8300000
Chef,2014-03-07,https://en.wikipedia.org/wiki/Chef_(film),Comedy,,Jon Favreau,,Jon Favreau,Sofía Vergara,Scarlett Johansson,John Leguizamo,Robert Downey,11000000,46000000
Chernobyl Diaries,2012-05-25,https://en.wikipedia.org/wiki/Chernobyl_Diaries,Horror,Thriller,Bradley Parker,,Jonathan Sadowski,Devin Kelley,Jesse McCartney,Olivia Taylor Dudley,Nathan Phillips,1000000,37200000
Child 44,2015-04-17,https://en.wikipedia.org/wiki/Child_44_(film),Drama,,Daniel Espinosa,,Tom Hardy,Gary Oldman,Joel Kinnaman,Noomi Rapace,Jason Clarke,50000000,13000000
Chronicle,2012-02-03,https://en.wikipedia.org/wiki/Chronicle_(film),Sci-Fi,Drama,Josh Trank,,Dane DeHaan,Michael B. Jordan,Alex Russell,Michael Kelly,,12000000,126600000
Cloud Atlas,2012-10-26,https://en.wikipedia.org/wiki/Cloud_Atlas_(film),Drama,Sci-Fi,Tom Tykwer,Andy Wachowski,Tom Hanks,Jim Sturgess,David Gyasi,Jim Broadbent,Ben Whishaw,128500000,130500000
Cloudy with a Chance of Meatballs 2,2013-09-27,https://en.wikipedia.org/wiki/Cloudy_with_a_Chance_of_Meatballs_2,Family,Comedy,Cody Cameron,Kris Pearn,Anna Faris,Bill Hader,Andy Samberg,Kristen Schaal,James Caan,78000000,274300000
Concussion,2015-12-25,https://en.wikipedia.org/wiki/Concussion_(2015_film),Drama,Sports,Peter Landesman,,Will Smith,Alec Baldwin,Gugu Mbatha-Raw,Albert Brooks,Paul Reiser,57000000,50300000
Creed,2015-11-25,https://en.wikipedia.org/wiki/Creed_(film),Drama,,Ryan Coogler,,Michael B. Jordan,Sylvester Stallone,Tessa Thompson,Graham McTavish,Tony Bellew,40000000,173600000
Criminal,2016-04-15,https://en.wikipedia.org/wiki/Criminal_(2016_film),Action,Thriller,Ariel Vromen,,Kevin Costner,Gary Oldman,Tommy Lee Jones,Alice Eve,Gal Gadot,31500000,35600000
Crimson Peak,2015-10-16,https://en.wikipedia.org/wiki/Crimson_Peak,Horror,Romance,Guillermo del Toro,,Mia Wasikowska,Tom Hiddleston,Charlie Hunnam,Jessica Chastain,Jim Beaver,55000000,74700000
Daddy's Home,2015-12-25,https://en.wikipedia.org/wiki/Daddy%2527s_Home_(film),Comedy,,Sean Anders,John Morris,Will Ferrell,Mark Wahlberg,Linda Cardellini,,,69000000,240400000
Danny Collins,2015-03-20,https://en.wikipedia.org/wiki/Danny_Collins_(film),Comedy,Drama,Dan Fogelman,,Al Pacino,Annette Bening,Jennifer Garner,Bobby Cannavale,Christopher Plummer,10000000,8200000
Dark Shadows,2012-05-11,https://en.wikipedia.org/wiki/Dark_Shadows_(film),Comedy,Horror,Tim Burton,,Johnny Depp,Michelle Pfeiffer,Helena Bonham Carter,Eva Green,Jackie Earle Haley,150000000,245500000
Dark Skies,2013-02-22,https://en.wikipedia.org/wiki/Dark_Skies_(film),Horror,Sci-Fi,Scott Charles Stewart,,Keri Russell,Josh Hamilton,Dakota Goyo,,,3500000,26400000
Dawn of the Planet of the Apes,2014-06-26,https://en.wikipedia.org/wiki/Dawn_of_the_Planet_of_the_Apes,Action,Adventure,Matt Reeves,,Andy Serkis,Gary Oldman,Jason Clarke,Kodi Smit-McPhee,Keri Russell,235000000,710600000
Dead Man Down,2013-03-08,https://en.wikipedia.org/wiki/Dead_Man_Down,Action,,Niels Arden Oplev,,Colin Farrell,Noomi Rapace,Dominic Cooper,Terrence Howard,Wade Barrett,30000000,18100000
Deadpool,2016-02-08,https://en.wikipedia.org/wiki/Deadpool_(film),Action,,Tim Miller,,Ryan Reynolds,Gina Carano,T. J. Miller,Ed Skrein,Morena Baccarin,58000000,782600000
Declaration of War,2012-01-27,https://en.wikipedia.org/wiki/Declaration_of_War_(film),Romance,Drama,Valérie Donzelli,,Valérie Donzelli (director),,,,,1500000,6500000
Deliver Us from Evil,2014-07-02,https://en.wikipedia.org/wiki/Deliver_Us_from_Evil_(2014_film),Horror,Thriller,Scott Derrickson,Paul Harris,Eric Bana,Édgar Ramírez,Olivia Munn,Joel McHale,,30000000,87900000
Despicable Me 2,2013-06-20,https://en.wikipedia.org/wiki/Despicable_Me_2,Comedy,Family,Chris Renaud,Pierre Coffin,Steve Carell,Kristen Wiig,Miranda Cosgrove,Dana Gaier,Elsie Fisher,76000000,970800000
Devil's Due,2014-01-17,https://en.wikipedia.org/wiki/Devil%2527s_Due_(film),Horror,Thriller,Matt Bettinelli-Olpin,Tyler Gillett,Allison Miller,Zach Gilford,Sam Anderson,Aimee Carrero,Vanessa Ray,7000000,36900000
Diary of a Wimpy Kid: Dog Days,2012-08-03,https://en.wikipedia.org/wiki/Diary_of_a_Wimpy_Kid:_Dog_Days_(film),Comedy,Family,David Bowers,,Zachary Gordon,Robert Capron,Rachael Harris,Devon Bostick,Steve Zahn,22000000,77100000
Divergent,2014-03-18,https://en.wikipedia.org/wiki/Divergent_(film),Sci-Fi,Action,Neil Burger,,Shailene Woodley,Kate Winslet,Theo James,Ansel Elgort,Zoë Kravitz,85000000,288900000
Django Unchained,2012-12-25,https://en.wikipedia.org/wiki/Django_Unchained,Action,Drama,Quentin Tarantino,,Christoph Waltz,Jamie Foxx,Leonardo DiCaprio,Samuel L. Jackson,Bruce Dern,100000000,425400000
Dolphin Tale 2,2014-09-12,https://en.wikipedia.org/wiki/Dolphin_Tale_2,Family,,Charles Martin Smith,,Winter,Hope,Nathan Gamble,Harry Connick,Jr.,36000000,57800000
Don't Breathe,2016-08-26,https://en.wikipedia.org/wiki/Don%2527t_Breathe_(2016_film),Thriller,,Fede Alvarez,,Dylan Minnette,Stephen Lang,Daniel Zovatto,,,9900000,28300000
Dr. Seuss' The Lorax,2012-03-02,https://en.wikipedia.org/wiki/The_Lorax_(film),Family,,Chris Renaud,,Danny DeVito,Zac Efron,Taylor Swift,Ed Helms,Rob Riggle,70000000,348800000
Dracula Untold,2014-10-10,https://en.wikipedia.org/wiki/Dracula_Untold,Drama,Horror,Gary Shore,,Luke Evans,Sarah Gadon,William Houston,Dominic Cooper,Samantha Barks,70000000,217100000
Draft Day,2014-04-07,https://en.wikipedia.org/wiki/Draft_Day,Drama,Sports,Ivan Reitman,,Kevin Costner,Jennifer Garner,Denis Leary,Frank Langella,Tom Welling,25000000,29500000
Dragon Blade,2015-02-18,https://en.wikipedia.org/wiki/Dragon_Blade_(film),Action,,Daniel Lee,,Jackie Chan,Choi Siwon,John Cusack,Adrien Brody,James Lee Guy,65000000,120000000
Dumb and Dumber To,2014-11-14,https://en.wikipedia.org/wiki/Dumb_and_Dumber_To,Comedy,,Peter Farrelly,Bobby Farrelly,Jim Carrey,Jeff Daniels,Kathleen Turner,Laurie Holden,,50000000,169800000
Earth to Echo,2014-06-14,https://en.wikipedia.org/wiki/Earth_to_Echo,Sci-Fi,Family,Dave Green,,Astro,Teo Halm,Reese Hartwig,Ella Wahlestedt,,13000000,45300000
Eddie the Eagle,2016-02-26,https://en.wikipedia.org/wiki/Eddie_the_Eagle_(film),Drama,Comedy,Dexter Fletcher,,Taron Egerton,Christopher Walken,Hugh Jackman,,,23000000,46200000
Edge of Tomorrow,2014-05-28,https://en.wikipedia.org/wiki/Edge_of_Tomorrow_(film),Action,Sci-Fi,Doug Liman,,Tom Cruise,Emily Blunt,,,,178000000,370500000
Elysium,2013-08-09,https://en.wikipedia.org/wiki/Elysium_(film),Sci-Fi,,Neill Blomkamp,,Matt Damon,Jodie Foster,Sharlto Copley,Wagner Moura,Alice Braga,115000000,286100000
Embrace of the Serpent,2015-05-15,https://en.wikipedia.org/wiki/Embrace_of_the_Serpent,Adventure,Drama,Ciro Guerra,,Jan Bijvoet,Nilbio Torres,Antonio Bolívar,,,1400000,2800000
End of Watch,2012-09-21,https://en.wikipedia.org/wiki/End_of_Watch,Action,Drama,David Ayer,,Jake Gyllenhaal,Michael Peña,Anna Kendrick,Frank Grillo,America Ferrera,7000000,48100000
Enough Said,2013-09-20,https://en.wikipedia.org/wiki/Enough_Said_(film),Comedy,,Nicole Holofcener,,James Gandolfini,Julia Louis-Dreyfus,Toni Collette,Catherine Keener,Ben Falcone,8000000,25300000
Entourage,2015-05-27,https://en.wikipedia.org/wiki/Entourage_(film),Comedy,,Doug Ellin,,Adrian Grenier,Kevin Connolly,Kevin Dillon,Jerry Ferrara,Jeremy Piven,39000000,49300000
Epic,2013-05-24,https://en.wikipedia.org/wiki/Epic_(2013_film),Adventure,Comedy,Chris Wedge,,Colin Farrell,Josh Hutcherson,Amanda Seyfried,Jason Sudeikis,Christoph Waltz,93000000,268400000
Escape from Planet Earth,2013-02-15,https://en.wikipedia.org/wiki/Escape_from_Planet_Earth,Comedy,Family,Cal Brunker,,Brendan Fraser,Rob Corddry,Jessica Alba,William Shatner,Sarah Jessica Parker,40000000,74600000
Evil Dead,2013-04-05,https://en.wikipedia.org/wiki/Evil_Dead_(2013_film),Horror,,Fede Alvarez,,Jane Levy,Shiloh Fernandez,Lou Taylor Pucci,Jessica Lucas,Elizabeth Blackmore,17000000,97500000
Ex Machina,2015-01-21,https://en.wikipedia.org/wiki/Ex_Machina_(film),Sci-Fi,Thriller,Alex Garland,,Domhnall Gleeson,Oscar Isaac,Alicia Vikander,,,15000000,36900000
Eye in the Sky,2015-09-11,https://en.wikipedia.org/wiki/Eye_in_the_Sky_(2015_film),Thriller,,Gavin Hood,,Helen Mirren,Aaron Paul,Alan Rickman,Barkhad Abdi,,13000000,32800000
Fantastic Four,2015-08-04,https://en.wikipedia.org/wiki/Fantastic_Four_(2015_film),Action,Adventure,Josh Trank,,Miles Teller,Michael B. Jordan,Kate Mara,Jamie Bell,Toby Kebbell,120000000,168000000
Fast & Furious 6,2013-05-17,https://en.wikipedia.org/wiki/Fast_%2526_Furious_6,Action,,Justin Lin,,Vin Diesel,Dwayne Johnson,Paul Walker,Michelle Rodriguez,Jordana Brewster,160000000,788700000
Flight,2012-11-02,https://en.wikipedia.org/wiki/Flight_(2012_film),Drama,,Robert Zemeckis,,Denzel Washington,Brian Geraghty,Nadine Velazquez,Bruce Greenwood,John Goodman,31000000,161800000
Florence Foster Jenkins,2016-04-27,https://en.wikipedia.org/wiki/Florence_Foster_Jenkins_(film),Biography,Comedy,Stephen Frears,,Meryl Streep,Hugh Grant,Simon Helberg,Nina Arianda,Rebecca Ferguson,19000000,31700000
Frances Ha,2013-05-17,https://en.wikipedia.org/wiki/Frances_Ha,Drama,Comedy,Noah Baumbach,,Greta Gerwig,Charlotte d'Amboise,Adam Driver,Grace Gummer,Patrick Heusinger,3000000,11300000
Free State of Jones,2016-06-16,https://en.wikipedia.org/wiki/Free_State_of_Jones_(film),Drama,Thriller,Gary Ross,,Matthew McConaughey,Gugu Mbatha-Raw,Keri Russell,Mahershala Ali,,50000000,21200000
Friends with Kids,2012-03-09,https://en.wikipedia.org/wiki/Friends_with_Kids,Comedy,Romance,Jennifer Westfeldt,,Adam Scott,Jennifer Westfeldt,Jon Hamm,Kristen Wiig,Maya Rudolph,10000000,12200000
Fun Size,2012-10-26,https://en.wikipedia.org/wiki/Fun_Size,Comedy,,Josh Schwartz,,Victoria Justice,Jane Levy,Thomas McDonell,Thomas Mann,Chelsea Handler,14000000,11400000
Fury,2014-10-15,https://en.wikipedia.org/wiki/Fury_(2014_film),Action,Drama,David Ayer,,Brad Pitt,Shia LaBeouf,Logan Lerman,Michael Peña,Jon Bernthal,68000000,211800000
G.I. Joe: Retaliation,2013-03-27,https://en.wikipedia.org/wiki/G.I._Joe:_Retaliation,Action,Adventure,Jon Chu,,Channing Tatum,Ray Park,Dwayne Johnson,Bruce Willis,Elodie Yung,130000000,375700000
Gangster Squad,2013-01-11,https://en.wikipedia.org/wiki/Gangster_Squad,Action,Crime,Ruben Fleischer,,Ryan Gosling,Emma Stone,Sean Penn,Josh Brolin,Robert Patrick,75000000,105200000
Get Hard,2015-03-27,https://en.wikipedia.org/wiki/Get_Hard,Comedy,,Etan Cohen,,Will Ferrell,Kevin Hart,Alison Brie,Craig T. Nelson,T.I.,40000000,111800000
Get on Up,2014-08-01,https://en.wikipedia.org/wiki/Get_on_Up_(film),Drama,Biography,Tate Taylor,,Chadwick Boseman,Nelsan Ellis,Brandon Mychal Smith,Jill Scott,Tika Sumpter,30000000,33400000
Getaway,2013-08-30,https://en.wikipedia.org/wiki/Getaway_(film),Action,,Courtney Solomon,Yaron Levy,Ethan Hawke,Selena Gomez,Jon Voight,James Maslow,,18000000,11800000
Ghost Rider: Spirit of Vengeance,2012-02-17,https://en.wikipedia.org/wiki/Ghost_Rider:_Spirit_of_Vengeance,Action,Fantasy,Mark Neveldine,Brian Taylor,Nicolas Cage,Idris Elba,Fergus Riordan,Ciarán Hinds,Violante Placido,57000000,132600000
Ghostbusters,2016-07-15,https://en.wikipedia.org/wiki/Ghostbusters_(2016_film),Comedy,Sci-Fi,Paul Feig,,Melissa McCarthy,Kristen Wiig,Leslie Jones,Kate McKinnon,Chris Hemsworth,144000000,217500000
God's Not Dead,2014-03-21,https://en.wikipedia.org/wiki/God%2527s_Not_Dead_(film),Religious,,Harold Cronk,,Willie Robertson,David A. R. White,Shane Harper,Kevin Sorbo,Korie Robertson,2000000,62600000
God's Not Dead 2,2016-04-01,https://en.wikipedia.org/wiki/God%2527s_Not_Dead_2,Religious,,Harold Cronk,,Melissa Joan Hart,David A. R. White,Ray Wise,Robin Givens,Ernie Hudson,5000000,23500000
Gods of Egypt,2016-02-25,https://en.wikipedia.org/wiki/Gods_of_Egypt_(film),Action,Fantasy,Alex Proyas,,Geoffrey Rush,Gerard Butler,Brenton Thwaites,Courtney Eaton,Nikolaj Coster-Waldau,140000000,145700000
Godzilla,2014-05-08,https://en.wikipedia.org/wiki/Godzilla_(2014_film),Action,Adventure,Gareth Edwards,,Aaron Taylor-Johnson,Ken Watanabe,Elizabeth Olsen,Bryan Cranston,Juliette Binoche,160000000,529000000
Gone Girl,2014-09-26,https://en.wikipedia.org/wiki/Gone_Girl_(film),Mystery,Thriller,David Fincher,,Ben Affleck,Rosamund Pike,Neil Patrick Harris,Tyler Perry,Kim Dickens,61000000,369300000
Good Deeds,2012-02-24,https://en.wikipedia.org/wiki/Good_Deeds,Romance,Drama,Tyler Perry,,Tyler Perry,Thandie Newton,Rebecca Romijn,Brian J. White,Jamie Kennedy,14000000,35600000
Goosebumps,2015-10-05,https://en.wikipedia.org/wiki/Goosebumps_(film),Action,Fantasy,Rob Letterman,,Jack Black,Dylan Minnette,Odeya Rush,Amy Ryan,Ryan Lee,84000000,150200000
Grown Ups 2,2013-07-12,https://en.wikipedia.org/wiki/Grown_Ups_2,Comedy,,Dennis Dugan,,Adam Sandler,Kevin James,Chris Rock,David Spade,Taylor Lautner,80000000,247000000
"Hail, Caesar!",2016-02-05,"https://en.wikipedia.org/wiki/Hail,_Caesar!",Comedy,,Joel and Ethan Coen,,Josh Brolin,George Clooney,Alden Ehrenreich,Ralph Fiennes,Jonah Hill,22000000,22000000
Hands of Stone,2016-08-26,https://en.wikipedia.org/wiki/Hands_of_Stone,Biography,Drama,Jonathan Jakubowicz,,Édgar Ramírez,Robert De Niro,Usher,Ellen Barkin,Ana de Armas,20000000,1700000
Hansel and Gretel: Witch Hunters,2013-01-17,https://en.wikipedia.org/wiki/Hansel_and_Gretel:_Witch_Hunters,Action,Fantasy,Tommy Wirkola,,Jeremy Renner,Gemma Arterton,Zoe Bell,Famke Janssen,Peter Stormare,50000000,226300000
Heaven Is for Real,2014-04-16,https://en.wikipedia.org/wiki/Heaven_Is_for_Real_(film),Religious,,Randall Wallace,,Greg Kinnear,Kelly Reilly,Connor Corum,Thomas Haden Church,Jacob Vargas,12000000,101300000
Here Comes the Boom,2012-10-12,https://en.wikipedia.org/wiki/Here_Comes_the_Boom,Comedy,,Frank Coraci,,Kevin James,Salma Hayek,Henry Winkler,Joe Rogan,,42000000,73100000
Hit and Run,2012-08-22,https://en.wikipedia.org/wiki/Hit_and_Run_(2012_film),Action,Comedy,Dax Shepard,,Dax Shepard,Kristen Bell,Bradley Cooper,Tom Arnold,Kristin Chenoweth,2000000,14500000
Hitman: Agent 47,2015-08-21,https://en.wikipedia.org/wiki/Hitman:_Agent_47,Action,Thriller,Aleksander Bach,,Rupert Friend,Zachary Quinto,Hannah Ware,Thomas Kretschmann,,35000000,82300000
Home,2015-03-07,https://en.wikipedia.org/wiki/Home_(2015_animated_film),Animation,Comedy,Tim Johnson,,Jim Parsons,Rihanna,Jennifer Lopez,Steve Martin,Matt Jones,135000000,386000000
Hope Springs,2012-08-08,https://en.wikipedia.org/wiki/Hope_Springs_(2012_film),Romance,Drama,David Frankel,,Meryl Streep,Tommy Lee Jones,Steve Carell,Mimi Rogers,Elisabeth Shue,30000000,114300000
Horrible Bosses 2,2014-11-26,https://en.wikipedia.org/wiki/Horrible_Bosses_2,Comedy,,Sean Anders,,Jason Bateman,Charlie Day,Jason Sudeikis,Kevin Spacey,Jennifer Aniston,57000000,107700000
Hot Pursuit,2015-05-08,https://en.wikipedia.org/wiki/Hot_Pursuit_(2015_film),Action,Comedy,Anne Fletcher,,Reese Witherspoon,Sofía Vergara,Jim Gaffigan,John Carroll Lynch,,35000000,51700000
Hotel Transylvania,2012-09-28,https://en.wikipedia.org/wiki/Hotel_Transylvania,Fantasy,,Genndy Tartakovsky,,Adam Sandler,Selena Gomez,Andy Samberg,Kevin James,Fran Drescher,85000000,358400000
Hotel Transylvania 2,2015-09-25,https://en.wikipedia.org/wiki/Hotel_Transylvania_2,Fantasy,Comedy,Genndy Tartakovsky,,Adam Sandler,Andy Samberg,Selena Gomez,Kevin James,Steve Buscemi,80000000,473000000
How to Train Your Dragon 2,2014-05-16,https://en.wikipedia.org/wiki/How_to_Train_Your_Dragon_2,Family,,Dean DeBlois,,Jay Baruchel,Gerard Butler,Craig Ferguson,America Ferrera,Jonah Hill,145000000,621500000
I,2015-01-14,https://en.wikipedia.org/wiki/I_(film),Romance,Thriller,S. Shankar,,Vikram,Amy Jackson,N. Santhanam,Suresh Gopi,Upen Patel,15000000,65000000
I Saw the Light,2015-09-11,https://en.wikipedia.org/wiki/I_Saw_the_Light_(film),Drama,Musical,Marc Abraham ,Tom Hiddleston,Elizabeth Olsen,,,,,13000000,2600000
Ice Age: Collision Course,2016-07-22,https://en.wikipedia.org/wiki/Ice_Age:_Collision_Course,Adventure,,Mike Thurmeier,Galen T. Chu,Ray Romano,John Leguizamo,Denis Leary,Queen Latifah,Jennifer Lopez,105000000,368300000
Ice Age: Continental Drift,2012-07-13,https://en.wikipedia.org/wiki/Ice_Age:_Continental_Drift,Adventure,,Steve Martino,Mike Thurmeier,Ray Romano,John Leguizamo,Denis Leary,Queen Latifah,Seann William Scott,95000000,877000000
Identity Thief,2013-02-08,https://en.wikipedia.org/wiki/Identity_Thief,Action,Comedy,Seth Gordon,,Jason Bateman,Melissa McCarthy,Amanda Peet,John Cho,Clark Duke,35000000,174000000
If I Stay,2014-08-18,https://en.wikipedia.org/wiki/If_I_Stay_(film),Drama,,R. J. Cutler,,Chloë Grace Moretz,Mireille Enos,Lauren Lee Smith,Liana Liberato,Jamie Blackley,11000000,78900000
In the Heart of the Sea,2015-12-11,https://en.wikipedia.org/wiki/In_the_Heart_of_the_Sea_(film),Biography,,Ron Howard,,Chris Hemsworth,Benjamin Walker,Cillian Murphy,Tom Holland,Ben Whishaw,100000000,93900000
Independence Day: Resurgence,2016-06-20,https://en.wikipedia.org/wiki/Independence_Day:_Resurgence,Action,Adventure,Roland Emmerich,,Jeff Goldblum,Bill Pullman,Sela Ward,Liam Hemsworth,Vivica A. Fox,165000000,382300000
Insidious: Chapter 2,2013-09-13,https://en.wikipedia.org/wiki/Insidious:_Chapter_2,Horror,,James Wan,,Patrick Wilson,Rose Byrne,Lin Shaye,Ty Simpkins,,5000000,161900000
Insidious: Chapter 3,2015-06-05,https://en.wikipedia.org/wiki/Insidious:_Chapter_3,Horror,,Leigh Whannell,,Dermot Mulroney,Stefanie Scott,Angus Sampson,Leigh Whannell,Lin Shaye,11000000,113000000
Interstellar,2014-10-26,https://en.wikipedia.org/wiki/Interstellar_(film),Sci-Fi,,Christopher Nolan,,Matthew McConaughey,Anne Hathaway,Michael Caine,Jessica Chastain,Matt Damon,165000000,675100000
Into the Storm,2014-08-08,https://en.wikipedia.org/wiki/Into_the_Storm_(2014_film),Adventure,Thriller,Steven Quale,,Richard Armitage,Jeremy Sumpter,Sarah Wayne Callies,Nathan Kress,,50000000,161700000
Iron Sky,2012-07-25,https://en.wikipedia.org/wiki/Iron_Sky,Comedy,Sci-Fi,Timo Vuorensola,,Julia Dietze,Peta Sergeant,Gotz Otto,Chris Kirby,Udo Kier,7500000,8100000
Irrational Man,2015-05-16,https://en.wikipedia.org/wiki/Irrational_Man_(film),Mystery,Drama,Woody Allen,,Joaquin Phoenix,Emma Stone,Parker Posey,Jamie Blackley,,11000000,27400000
Jack Reacher,2012-12-21,https://en.wikipedia.org/wiki/Jack_Reacher_(film),Action,Drama,Christopher McQuarrie,,Tom Cruise,Rosamund Pike,David Oyelowo,Richard Jenkins,Alexia Fast,60000000,218300000
Jack Ryan: Shadow Recruit,2014-01-15,https://en.wikipedia.org/wiki/Jack_Ryan:_Shadow_Recruit,Action,Adventure,Kenneth Branagh,,David Koepp,Adam Cozad,Anthony Peckham,Steve Zaillian,Chris Pine,60000000,135500000
Jane Got a Gun,2016-01-29,https://en.wikipedia.org/wiki/Jane_Got_a_Gun,Action,Drama,Gavin O'Connor,,Natalie Portman,Joel Edgerton,Ewan McGregor,Rodrigo Santoro,Noah Emmerich,25000000,3000000
Jason Bourne,2016-07-29,https://en.wikipedia.org/wiki/Jason_Bourne_(film),Action,Thriller,Paul Greengrass,,Matt Damon,Julia Stiles,Alicia Vikander,Riz Ahmed,Vincent Cassel,120000000,347900000
"Jeff, Who Lives at Home",2012-03-16,"https://en.wikipedia.org/wiki/Jeff,_Who_Lives_at_Home",Comedy,Drama,Jay Duplass,,Jason Segel,Ed Helms,Judy Greer,Susan Sarandon,Evan Ross,7500000,7500000
Jem and the Holograms,2015-10-23,https://en.wikipedia.org/wiki/Jem_and_the_Holograms_(film),Musical,Comedy,Jon M. Chu,,Aubrey Peeples,Stefanie Scott,Hayley Kiyoko,Aurora Perrineau,Ryan Guzman,5000000,2300000
Jersey Boys,2014-06-05,https://en.wikipedia.org/wiki/Jersey_Boys_(film),Drama,Musical,Clint Eastwood,,John Lloyd Young,Erec Bergen,Vincent Piazza,Michael Lamenda,Christopher Walken,58600000,67700000
Jobs,2013-08-16,https://en.wikipedia.org/wiki/Jobs_(film),Biography,,Joshua Michael Stern,,Ashton Kutcher,Dermot Mulroney,Josh Gad,Lukas Haas,J.K. Simmons,12000000,35900000
John Wick,2014-10-13,https://en.wikipedia.org/wiki/John_Wick_(film),Action,Thriller,Chad Stahelski,David Leitch (director,Keanu Reeves,Bridget Moynahan,Willem Dafoe,,,20000000,86000000
Journey 2: The Mysterious Island,2012-02-10,https://en.wikipedia.org/wiki/Journey_2:_The_Mysterious_Island,Adventure,,Brad Peyton,,Dwayne Johnson,Michael Caine,Josh Hutcherson,Vanessa Hudgens,Luis Guzmán,79000000,335300000
Joy,2015-12-25,https://en.wikipedia.org/wiki/Joy_(film),Comedy,Drama,David O. Russell,,Jennifer Lawrence,Robert De Niro,Bradley Cooper,Édgar Ramírez,,60000000,101100000
Keanu,2016-04-29,https://en.wikipedia.org/wiki/Keanu_(film),Comedy,,Peter Atencio,,Keegan-Michael Key,Jordan Peele,Method Man,Gabrielle Union,Will Forte,15000000,20700000
Kill the Messenger,2014-10-10,https://en.wikipedia.org/wiki/Kill_the_Messenger_(2014_film),Crime,Drama,Michael Cuesta,,Jeremy Renner,Barry Pepper,Mary Elizabeth Winstead,Rosemarie DeWitt,Ray Liotta,5000000,2500000
Killing Them Softly,2012-11-30,https://en.wikipedia.org/wiki/Killing_Them_Softly,Crime,Drama,Andrew Dominik,,Brad Pitt,Vincent Curatola,Scoot McNairy,Ben Mendelsohn,Ray Liotta,15000000,37900000
Kingsman: The Secret Service,2014-12-13,https://en.wikipedia.org/wiki/Kingsman:_The_Secret_Service,Action,,Matthew Vaughn,,Colin Firth,Taron Egerton,Samuel L. Jackson,Mark Strong,Michael Caine,94000000,414400000
Krampus,2015-12-04,https://en.wikipedia.org/wiki/Krampus_(film),Horror,,Michael Dougherty,,Emjay Anthony,Allison Tolman,Adam Scott,,,15000000,61500000
Kubo and the Two Strings,2016-08-19,https://en.wikipedia.org/wiki/Kubo_and_the_Two_Strings,Fantasy,,Travis Knight,,Art Parkinson,Matthew McConaughey,Rooney Mara,Charlize Theron,Ralph Fiennes,60000000,27600000
Kung Fu Panda 3,2016-01-23,https://en.wikipedia.org/wiki/Kung_Fu_Panda_3,Action,Comedy,Jennifer Yuh Nelson,Alessandro Carloni,Jack Black,Angelina Jolie,Dustin Hoffman,Jackie Chan,Seth Rogen,145000000,519900000
Lazer Team,2016-01-27,https://en.wikipedia.org/wiki/Lazer_Team,Sci-Fi,Comedy,Matt Hullum,,Burnie Burns,Gavin Free,Michael Jones,Colton Dunn,Allie DeBerry,2400000,1600000
Left Behind,2014-10-03,https://en.wikipedia.org/wiki/Left_Behind_(2014_film),Religious,Thriller,Vic Armstrong,,Nicolas Cage,Chad Michael Murray,Cassi Thomson,Nicky Whelan,Jordin Sparks,16000000,27600000
Les Misérables,2012-12-25,https://en.wikipedia.org/wiki/Les_Mis%25C3%25A9rables_(2012_film),Musical,,Tom Hooper,,Hugh Jackman,Russell Crowe,Eddie Redmayne,Colm Wilkinson,Anne Hathaway,61000000,441800000
Let's Be Cops,2014-08-13,https://en.wikipedia.org/wiki/Let%2527s_Be_Cops,Action,Comedy,Luke Greenfield,,Jake Johnson,Damon Wayans,Jr.,,,17000000,138200000
Life of Pi,2012-11-21,https://en.wikipedia.org/wiki/Life_of_Pi_(film),Drama,Adventure,Ang Lee,,Suraj Sharma,Ayush Tandon,Irrfan Khan,Gérard Depardieu,,120000000,609000000
Lights Out,2016-07-22,https://en.wikipedia.org/wiki/Lights_Out_(2016_film),Horror,Thriller,David F. Sandberg,,Teresa Palmer,Gabriel Bateman,Alexander DiPersia,,,4900000,125900000
Lincoln,2012-11-09,https://en.wikipedia.org/wiki/Lincoln_(2012_film),Drama,,Steven Spielberg,,Daniel Day-Lewis,David Strathairn,Hal Holbrook,Sally Field,Joseph Gordon-Levitt,65000000,275300000
Little Boy,2015-04-24,https://en.wikipedia.org/wiki/Little_Boy_(film),Drama,,Alejandro Gómez Monteverde,,Jakob Salvati,David Henrie,Kevin James,Emily Watson,Ted Levine,20000000,17500000
Lockout,2012-04-13,https://en.wikipedia.org/wiki/Lockout_(film),Action,Sci-Fi,James Mather,Stephen St.Leger,Guy Pearce,Maggie Grace,Peter Stormare,Lennie James,Vincent Regan,20000000,32200000
London Has Fallen,2016-03-04,https://en.wikipedia.org/wiki/London_Has_Fallen,Action,,Babak Najafi,,Gerard Butler,Aaron Eckhart,Morgan Freeman,Angela Bassett,Alon Aboutboul,60000000,195700000
Looper,2012-09-28,https://en.wikipedia.org/wiki/Looper_(film),Action,Sci-Fi,Rian Johnson,,Joseph Gordon-Levitt,Bruce Willis,Emily Blunt,Paul Dano,Noah Segan,30000000,176500000
Love the Coopers,2015-11-04,https://en.wikipedia.org/wiki/Love_the_Coopers,Romance,Comedy,Jessie Nelson,,John Goodman,Diane Keaton,Amanda Seyfried,Alan Arkin,Olivia Wilde,24000000,41100000
Lucy,2014-07-25,https://en.wikipedia.org/wiki/Lucy_(2014_film),Sci-Fi,,Luc Besson,,Scarlett Johansson,Morgan Freeman,Choi Min-sik,,,40000000,463400000
Mad Max: Fury Road,2015-05-07,https://en.wikipedia.org/wiki/Mad_Max:_Fury_Road,Action,,George Miller,,Tom Hardy,Charlize Theron,Hugh Keays-Byrne,Nicholas Hoult,Rosie Huntington-Whiteley,150000000,378400000
Madagascar 3: Europe's Most Wanted,2012-06-08,https://en.wikipedia.org/wiki/Madagascar_3:_Europe%2527s_Most_Wanted,Comedy,,Eric Darnell,,Noah Baumbach(screenplay); Ben Stiller,Chris Rock,David Schwimmer,Jada Pinkett Smith,Sacha Baron Cohen,145000000,746900000
Magic in the Moonlight,2014-07-25,https://en.wikipedia.org/wiki/Magic_in_the_Moonlight,Comedy,,Woody Allen,,Emma Stone,Colin Firth,Hamish Linklater,Marcia Gay Harden,Jacki Weaver,16800000,51000000
Mama,2013-01-18,https://en.wikipedia.org/wiki/Mama_(2013_film),Horror,Thriller,Andres Muschietti,,Jessica Chastain,Nikolaj Coster-Waldau,Daniel Kash,David Fox,,15000000,146400000
Man of Steel,2013-06-14,https://en.wikipedia.org/wiki/Man_of_Steel_(film),Action,Adventure,Zack Snyder,,Henry Cavill,Amy Adams,Michael Shannon,Kevin Costner,Diane Lane,225000000,668000000
Man on a Ledge,2012-01-27,https://en.wikipedia.org/wiki/Man_on_a_Ledge,Action,Drama,Asger Leth,,Sam Worthington,Ed Harris,Elizabeth Banks,Jamie Bell,Kyra Sedgwick,42000000,46200000
Max,2015-06-26,https://en.wikipedia.org/wiki/Max_(2015_film),Adventure,,Boaz Yakin,,Josh Wiggins,Thomas Haden Church,Lauren Graham,,,20000000,44000000
Maze Runner: The Scorch Trials,2015-09-18,https://en.wikipedia.org/wiki/Maze_Runner:_The_Scorch_Trials,Sci-Fi,Action,Wes Ball,,Dylan O'Brien,Ki Hong Lee,Thomas Sangster,Kaya Scodelario,Patricia Clarkson,61000000,312300000
Me and Earl and the Dying Girl,2015-01-25,https://en.wikipedia.org/wiki/Me_and_Earl_and_the_Dying_Girl_(film),Comedy,Drama,Alfonso Gomez-Rejon,,Thomas Mann,Olivia Cooke,Ronald Cyler II,Jon Bernthal,Nick Offerman,8000000,9100000
Me Before You,2016-06-03,https://en.wikipedia.org/wiki/Me_Before_You_(film),Drama,Romance,Thea Sharrock,,Emilia Clarke,Sam Claflin,Charles Dance,Jenna Coleman,Janet McTeer,20000000,196200000
Mechanic: Resurrection,2016-08-26,https://en.wikipedia.org/wiki/Mechanic:_Resurrection,Action,,Dennis Gansel,,Jason Statham,Jessica Alba,Tommy Lee Jones,Michelle Yeoh,,40000000,7500000
Men in Black 3,2012-05-25,https://en.wikipedia.org/wiki/Men_in_Black_3,Comedy,Fantasy,Barry Sonnenfeld,,Will Smith,Tommy Lee Jones,Josh Brolin,Jemaine Clement,Emma Thompson,215000000,624000000
Midnight Special,2016-02-12,https://en.wikipedia.org/wiki/Midnight_Special_(film),Sci-Fi,,Jeff Nichols,,Michael Shannon,Kirsten Dunst,Adam Driver,Joel Edgerton,Sam Shepard,18000000,6200000
Miracles from Heaven,2016-03-16,https://en.wikipedia.org/wiki/Miracles_from_Heaven_(film),Drama,,Patricia Riggen,,Jennifer Garner,Martin Henderson,Queen Latifah,,,13000000,73600000
Mirror Mirror,2012-03-30,https://en.wikipedia.org/wiki/Mirror_Mirror_(film),Fantasy,Adventure,Tarsem Singh,,Lily Collins,Julia Roberts,Armie Hammer,Nathan Lane,Robert Emms,85000000,183000000
Mission: Impossible – Rogue Nation,2015-07-23,https://en.wikipedia.org/wiki/Mission:_Impossible_%25E2%2580%2593_Rogue_Nation,Action,,Christopher McQuarrie,,Tom Cruise,Jeremy Renner,Simon Pegg,Ving Rhames,Rebecca Ferguson,150000000,682300000
Moms' Night Out,2014-05-09,https://en.wikipedia.org/wiki/Moms%2527_Night_Out,Religious,Comedy,Andrew Erwin and Jon Erwin,,Sarah Drew,Trace Adkins,Sean Astin,Patricia Heaton,,5000000,10500000
Money Monster,2016-05-13,https://en.wikipedia.org/wiki/Money_Monster,Drama,,Jodie Foster,,George Clooney,Julia Roberts,Jack O'Connell,Dominic West,Caitriona Balfe,27000000,93100000
Monster Hunt,2016-01-22,https://en.wikipedia.org/wiki/Monster_Hunt,Action,Comedy,Raman Hui,,Bai Baihe,Jing Boran,Jiang Wu,Elaine Jin,,56000000,385200000
Moonrise Kingdom ₪,2012-05-25,https://en.wikipedia.org/wiki/Moonrise_Kingdom,Comedy,Romance,Wes Anderson,,Jared Gilman,Kara Hayward,Bruce Willis,Edward Norton,Bill Murray,16000000,68300000
Mortdecai,2015-01-23,https://en.wikipedia.org/wiki/Mortdecai_(film),Action,Comedy,David Koepp,,Johnny Depp,Ewan McGregor,Olivia Munn,Aubrey Plaza,Oliver Platt,60000000,47000000
Mother's Day,2016-04-13,https://en.wikipedia.org/wiki/Mother%2527s_Day_(2016_film),Comedy,Drama,Garry Marshall,,Jennifer Aniston,Julia Roberts,Kate Hudson,Timothy Olyphant,Jason Sudeikis,25000000,43800000
Mr. Peabody & Sherman,2014-02-07,https://en.wikipedia.org/wiki/Mr._Peabody_%2526_Sherman,Family,,Rob Minkoff,,Ty Burrell,Max Charles,Stephen Colbert,Allison Janney,Ariel Winter,145000000,275700000
Mud,2013-04-26,https://en.wikipedia.org/wiki/Mud_(2012_film),Drama,,Jeff Nichols,,Matthew McConaughey,Reese Witherspoon,Michael Shannon,Sarah Paulson,Sam Shepard,10000000,32600000
Mustang,2015-05-19,https://en.wikipedia.org/wiki/Mustang_(film),Drama,,Deniz Gamze Ergüven,,Güneş Şensoy,,,,,1300000,4900000
My All American,2015-11-13,https://en.wikipedia.org/wiki/My_All_American,Biography,Sports,Angelo Pizzo,,Aaron Eckhart,Finn Wittrock,Robin Tunney,Sarah Bolger,Michael Reilly Burke,20000000,2200000
My Big Fat Greek Wedding 2,2016-03-25,https://en.wikipedia.org/wiki/My_Big_Fat_Greek_Wedding_2,Romance,Comedy,Kirk Jones,,Nia Vardalos,John Corbett,Ian Gomez,Elena Kampouris,,18000000,88900000
Need for Speed,2014-03-12,https://en.wikipedia.org/wiki/Need_for_Speed_(film),Action,,Scott Waugh,,Aaron Paul,Imogen Poots,Dominic Cooper,Michael Keaton,Ramón Rodríguez,65000000,203300000
Neighbors,2014-03-08,https://en.wikipedia.org/wiki/Neighbors_(2014_film),Comedy,,Nicholas Stoller,,Seth Rogen,Zac Efron,Rose Byrne,Christopher Mintz-Plasse,Dave Franco,18000000,270700000
Neighbors 2: Sorority Rising,2016-05-20,https://en.wikipedia.org/wiki/Neighbors_2:_Sorority_Rising,Comedy,,Nicholas Stoller,,Seth Rogen,Zac Efron,Rose Byrne,Chloë Grace Moretz,Dave Franco,35000000,107900000
Nerve,2016-07-27,https://en.wikipedia.org/wiki/Nerve_(2016_film),Thriller,,Henry Joost,Ariel Schulman,Dave Franco,Emma Roberts,Emily Meade,Kimiko Glenn,Juliette Lewis,20000000,47600000
Night at the Museum: Secret of the Tomb,2014-12-11,https://en.wikipedia.org/wiki/Night_at_the_Museum:_Secret_of_the_Tomb,Comedy,,Shawn Levy,,Ben Stiller,Robin Williams,Dan Stevens,Owen Wilson,Ricky Gervais,127000000,363200000
Nightcrawler,2014-09-05,https://en.wikipedia.org/wiki/Nightcrawler_(film),Drama,,Dan Gilroy,,Jake Gyllenhaal,Bill Paxton,Rene Russo,Riz Ahmed,,8500000,50300000
Nine Lives,2016-08-05,https://en.wikipedia.org/wiki/Nine_Lives_(2016_film),Comedy,,Barry Sonnenfeld,,Kevin Spacey,Robbie Amell,Jennifer Garner,Christopher Walken,Malina Weissman,30000000,19100000
No Escape,2015-08-17,https://en.wikipedia.org/wiki/No_Escape_(2015_film),Action,Thriller,John Erick Dowdle,,Owen Wilson,Pierce Brosnan,Lake Bell,,,5000000,54400000
No Good Deed,2014-09-12,https://en.wikipedia.org/wiki/No_Good_Deed_(2014_film),Crime,,Sam Miller,,Idris Elba,Taraji P. Henson,Henry Simmons,,,13200000,54300000
No One Lives,2013-05-10,https://en.wikipedia.org/wiki/No_One_Lives,Horror,,Ryuhei Kitamura,,Luke Evans,Adelaide Clemens,America Olivo,Derek Magyar,Lindsey Shaw,2900000,1000000
Noah,2014-03-10,https://en.wikipedia.org/wiki/Noah_(2014_film),Adventure,Drama,Darren Aronofsky,,Russell Crowe,Jennifer Connelly,Logan Lerman,Emma Watson,Ray Winstone,125000000,362600000
Non-Stop,2014-01-27,https://en.wikipedia.org/wiki/Non-Stop_(film),Thriller,,Jaume Collet-Serra,,Liam Neeson,Julianne Moore,Lupita Nyong'o,Nate Parker,Michelle Dockery,50000000,222800000
Now You See Me,2013-05-31,https://en.wikipedia.org/wiki/Now_You_See_Me_(film),Crime,,Louis Leterrier,,Jesse Eisenberg,Isla Fisher,Morgan Freeman,Woody Harrelson,Mark Ruffalo,75000000,351700000
Now You See Me 2,2016-06-06,https://en.wikipedia.org/wiki/Now_You_See_Me_2,Thriller,,Jon M. Chu,,Mark Ruffalo,Jesse Eisenberg,Woody Harrelson,Dave Franco,Lizzy Caplan,90000000,320900000
Oblivion,2013-04-10,https://en.wikipedia.org/wiki/Oblivion_(2013_film),Action,Sci-Fi,Joseph Kosinski,,Tom Cruise,Olga Kurylenko,Andrea Riseborough,Morgan Freeman,Nikolaj Coster-Waldau,120000000,286200000
Olympus Has Fallen,2013-03-22,https://en.wikipedia.org/wiki/Olympus_Has_Fallen,Action,,Antoine Fuqua,,Gerard Butler,Aaron Eckhart,Morgan Freeman,Rick Yune,Dylan McDermott,70000000,161000000
One Direction: This Is Us,2013-08-29,https://en.wikipedia.org/wiki/One_Direction:_This_Is_Us,Documentary,Musical,Morgan Spurlock,,Harry Styles,Niall Horan,Louis Tomlinson,Zayn Malik,Liam Payne,10000000,68500000
One for the Money,2012-01-27,https://en.wikipedia.org/wiki/One_for_the_Money_(film),Crime,Romance,Julie Anne Robinson,,Katherine Heigl,Debbie Reynolds,Jason O'Mara,Daniel Sunjata,Sherri Shepherd,40000000,36900000
Ouija,2014-10-24,https://en.wikipedia.org/wiki/Ouija_(2014_film),Horror,,Stiles White,,Douglas Smith,Olivia Cooke,Vivis Colombetti,Ana Coto,Erin Moriarty,5000000,103600000
Our Brand Is Crisis,2015-09-11,https://en.wikipedia.org/wiki/Our_Brand_Is_Crisis_(2015_film),Comedy,Drama,David Gordon Green,,Sandra Bullock,Scoot McNairy,Billy Bob Thornton,Anthony Mackie,Ann Dowd,28000000,8600000
Pacific Rim,2013-07-12,https://en.wikipedia.org/wiki/Pacific_Rim_(film),Action,Sci-Fi,Guillermo del Toro,,Charlie Hunnam,Ellen McLain,Idris Elba,Charlie Day,Rinko Kikuchi,190000000,411000000
Pain & Gain,2013-04-26,https://en.wikipedia.org/wiki/Pain_%2526_Gain,Action,Comedy,Michael Bay,,Mark Wahlberg,Dwayne Johnson,Ed Harris,Ken Jeong,Anthony Mackie,26000000,86200000
Pan,2015-09-30,https://en.wikipedia.org/wiki/Pan_(2015_film),Fantasy,Adventure,Joe Wright,,Hugh Jackman,Garrett Hedlund,Rooney Mara,Amanda Seyfried,Levi Miller,150000000,128400000
Paper Towns,2015-07-24,https://en.wikipedia.org/wiki/Paper_Towns_(film),Romance,Mystery,Jake Schreier,,Nat Wolff,Cara Delevingne,,,,12000000,85500000
Paranormal Activity 4,2012-10-19,https://en.wikipedia.org/wiki/Paranormal_Activity_4,Thriller,,Ariel Schulman,Henry Joost,Kathryn Newton,Katie Featherston,,,,5000000,142800000
Paranormal Activity: The Ghost Dimension,2015-10-23,https://en.wikipedia.org/wiki/Paranormal_Activity:_The_Ghost_Dimension,Horror,,Gregory Plotkin,,Katie Featherston,Tyler Craig,,,,10000000,78100000
ParaNorman,2012-08-17,https://en.wikipedia.org/wiki/ParaNorman,Fantasy,,Chris Butler,,Kodi Smit-McPhee,Tucker Albrizzi,Anna Kendrick,Casey Affleck,Christopher Mintz-Plasse,60000000,107100000
Parental Guidance,2012-12-25,https://en.wikipedia.org/wiki/Parental_Guidance_(film),Comedy,,Andy Fickman,,Billy Crystal,Bette Midler,Marisa Tomei,Tom Everett Scott,Bailee Madison,25000000,119800000
Parker,2013-01-25,https://en.wikipedia.org/wiki/Parker_(2013_film),Crime,Action,Taylor Hackford,,Jason Statham,Jennifer Lopez,Bobby Cannavale,Clifton Collins,Jr.,35000000,48500000
Paul Blart: Mall Cop 2,2015-04-17,https://en.wikipedia.org/wiki/Paul_Blart:_Mall_Cop_2,Action,Comedy,Andy Fickman,,Kevin James,Raini Rodriguez,Neal McDonough,Molly Shannon,Daniella Alonso,40000000,107600000
Pawn Sacrifice,2015-09-11,https://en.wikipedia.org/wiki/Pawn_Sacrifice,Biography,Drama,Ed Zwick,,Tobey Maguire,Liev Schreiber,Peter Sarsgaard,Michael Stuhlbarg,Lily Rabe,19000000,5400000
Penguins of Madagascar,2014-11-14,https://en.wikipedia.org/wiki/Penguins_of_Madagascar,Family,,Simon J. Smith,,Tom McGrath,Chris Miller,Conrad Vernon,Christopher Knights,Benedict Cumberbatch,132000000,373000000
People Like Us,2012-06-29,https://en.wikipedia.org/wiki/People_Like_Us_(film),Drama,,Alex Kurtzman,,Chris Pine,Elizabeth Banks,Michelle Pfeiffer,Olivia Wilde,Mark Duplass,16000000,12400000
Percy Jackson: Sea of Monsters,2013-08-07,https://en.wikipedia.org/wiki/Percy_Jackson:_Sea_of_Monsters,Adventure,Fantasy,Thor Freudenthal,,Logan Lerman,Alexandra Daddario,Douglas Smith,Mary Birdsong,Yvette Nicole Brown,90000000,202200000
Pitch Perfect,2012-10-05,https://en.wikipedia.org/wiki/Pitch_Perfect,Comedy,Musical,Jason Moore,,Anna Kendrick,Anna Camp,Rebel Wilson,Adam DeVine,Alexis Knapp,17000000,115400000
Pitch Perfect 2,2015-04-20,https://en.wikipedia.org/wiki/Pitch_Perfect_2,Comedy,,Elizabeth Banks,,Anna Kendrick,Rebel Wilson,Hailee Steinfeld,Brittany Snow,Skylar Astin,29000000,287100000
Pixels,2015-07-24,https://en.wikipedia.org/wiki/Pixels_(2015_film),Comedy,Action,Chris Columbus,,Adam Sandler,Kevin James,Josh Gad,Peter Dinklage,Michelle Monaghan,129000000,244900000
Point Break,2015-12-25,https://en.wikipedia.org/wiki/Point_Break_(2015_film),Action,Thriller,Ericson Core,,Edgar Ramirez,Luke Bracey,Ray Winstone,Teresa Palmer,,105000000,133700000
Polis Evo,2015-09-17,https://en.wikipedia.org/wiki/Polis_Evo,Action,,Ghaz Abu Bakar,,Shaheizy Sam,Zizan Razak,Nora Danish,Mimie Ernida,Wan Hanafi Su,2400000,17300000
Poltergeist,2015-05-22,https://en.wikipedia.org/wiki/Poltergeist_(2015_film),Horror,,Gil Kenan,,Sam Rockwell,Jared Harris,Rosemarie DeWitt,Saxon Sharbino,Kyle Catlett,35000000,95400000
Pompeii,2014-02-18,https://en.wikipedia.org/wiki/Pompeii_(film),Action,Adventure,Paul W. S. Anderson,,Kit Harington,Emily Browning,Jared Harris,Kiefer Sutherland,Carrie-Anne Moss,80000000,117800000
Popstar: Never Stop Never Stopping,2016-06-03,https://en.wikipedia.org/wiki/Popstar:_Never_Stop_Never_Stopping,Comedy,,Jorma Taccone,Akiva Schaffer,Jorma Taccone,Akiva Schaffer,Andy Samberg (screenplay),,,20000000,9500000
Premium Rush,2012-08-24,https://en.wikipedia.org/wiki/Premium_Rush,Action,,David Koepp,,Joseph Gordon-Levitt,Michael Shannon,Dania Ramirez,Wole Parks,Jamie Chung,35000000,31100000
Pride and Prejudice and Zombies,2016-02-05,https://en.wikipedia.org/wiki/Pride_and_Prejudice_and_Zombies_(film),Comedy,Horror,Burr Steers,,Lily James,Sam Riley,Matt Smith,Lena Headey,Charles Dance,28000000,16400000
Prisoners,2013-09-20,https://en.wikipedia.org/wiki/Prisoners_(2013_film),Crime,,Denis Villeneuve,,Jake Gyllenhaal,Hugh Jackman,Paul Dano,Melissa Leo,Viola Davis,46000000,122100000
Project Almanac,2015-01-30,https://en.wikipedia.org/wiki/Project_Almanac,Sci-Fi,Adventure,Dean Israelite,,Jonny Weston,Sofia Black-D'Elia,,,,12000000,33200000
Project X,2012-03-02,https://en.wikipedia.org/wiki/Project_X_(2012_film),Comedy,,Nima Nourizadeh,,Miles Teller,Oliver Cooper,Jonathan Daniel Brown,Kirby Bliss Blanton,Thomas Mann,12000000,102700000
Prometheus,2012-06-08,https://en.wikipedia.org/wiki/Prometheus_(2012_film),Sci-Fi,Horror,Ridley Scott,,Noomi Rapace,Michael Fassbender,Charlize Theron,Idris Elba,Guy Pearce,130000000,403400000
Promised Land,2012-12-28,https://en.wikipedia.org/wiki/Promised_Land_(2012_film),Drama,,Gus Van Sant,,Matt Damon,John Krasinski,Rosemarie DeWitt,Frances McDormand,,15000000,8100000
R.I.P.D.,2013-07-19,https://en.wikipedia.org/wiki/R.I.P.D.,Action,Comedy,Robert Schwentke,,Ryan Reynolds,Jeff Bridges,Kevin Bacon,Stephanie Szostak,Mary-Louise Parker,130000000,78300000
Race,2016-02-19,https://en.wikipedia.org/wiki/Race_(2016_film),Drama,Sports,Stephen Hopkins,,Stephan James,Jason Sudeikis,Jeremy Irons,William Hurt,Carice van Houten,5000000,23500000
Raiders of the Lost Ark: The IMAX Experience,2012-09-07,https://en.wikipedia.org/wiki/Raiders_of_the_Lost_Ark,Action,Adventure,Steven Spielberg,,Harrison Ford,John Rhys-Davies,Karen Allen,Paul Freeman,Alfred Molina,18000000,389900000
Rams,2015-05-15,https://en.wikipedia.org/wiki/Rams_(film),Drama,,Grímur Hákonarson,,Sigurður Sigurjónsson,,,,,1750000,1740000
Ratchet & Clank,2016-04-29,https://en.wikipedia.org/wiki/Ratchet_%2526_Clank_(film),Sci-Fi,Action,Jerrica Cleland,Kevin Munroe,Paul Giamatti,John Goodman,Bella Thorne,Rosario Dawson,James Arnold Taylor,20000000,12800000
RED 2,2013-07-19,https://en.wikipedia.org/wiki/RED_2_(film),Action,Comedy,Dean Parisot,,Bruce Willis,John Malkovich,Helen Mirren,Mary-Louise Parker,Catherine Zeta-Jones,84000000,148100000
Red Dawn,2012-11-21,https://en.wikipedia.org/wiki/Red_Dawn_(2012_film),Action,,Dan Bradley,,Will Yun Lee,Chris Hemsworth,Josh Peck,Adrianne Palicki,Josh Hutcherson,65000000,48100000
Red Tails,2012-01-20,https://en.wikipedia.org/wiki/Red_Tails,Drama,,Anthony Hemingway,,Cuba Gooding Jr.,Nate Parker,David Oyelowo,Daniela Ruah,Terrence Howard,58000000,50400000
Resident Evil: Retribution,2012-09-14,https://en.wikipedia.org/wiki/Resident_Evil:_Retribution,Action,Horror,Paul W. S. Anderson,,Milla Jovovich,Sienna Guillory,Colin Salmon,Boris Kodjoe,Michelle Rodriguez,65000000,240200000
Ricki and the Flash,2015-08-07,https://en.wikipedia.org/wiki/Ricki_and_the_Flash,Comedy,Drama,Jonathan Demme,,Meryl Streep,Kevin Kline,Mamie Gummer,Audra McDonald,Sebastian Stan,18000000,41300000
Riddick,2013-09-06,https://en.wikipedia.org/wiki/Riddick_(film),Action,Sci-Fi,David Twohy,,Vin Diesel,Karl Urban,Katee Sackhoff,Dave Bautista,Matthew Nable,40000000,100300000
Ride Along,2014-01-17,https://en.wikipedia.org/wiki/Ride_Along_(film),Action,Comedy,Tim Story,,Ice Cube,Kevin Hart,John Leguizamo,Bruce McGill,Tika Sumpter,25000000,154500000
Ride Along 2,2016-01-15,https://en.wikipedia.org/wiki/Ride_Along_2,Comedy,Action,Tim Story,,Ice Cube,Kevin Hart,Benjamin Bratt,Olivia Munn,Ken Jeong,40000000,124200000
Rio 2,2014-03-20,https://en.wikipedia.org/wiki/Rio_2,Family,,Carlos Saldanha,,Jesse Eisenberg,Anne Hathaway,Leslie Mann,Bruno Mars,Jemaine Clement,103000000,500100000
Rise of the Guardians,2012-11-21,https://en.wikipedia.org/wiki/Rise_of_the_Guardians,Adventure,,Peter Ramsey,,Chris Pine,Alec Baldwin,Hugh Jackman,Isla Fisher,Jude Law,145000000,306900000
Risen,2016-02-19,https://en.wikipedia.org/wiki/Risen_(2016_film),Drama,,Kevin Reynolds,,Joseph Fiennes,Tom Felton,Cliff Curtis,,,20000000,46100000
RoboCop,2014-01-30,https://en.wikipedia.org/wiki/RoboCop_(2014_film),Action,Adventure,José Padilha,,Joel Kinnaman,Gary Oldman,Michael Keaton,Samuel L. Jackson,Jackie Earle Haley,100000000,242700000
Robot & Frank,2012-08-17,https://en.wikipedia.org/wiki/Robot_%2526_Frank,Comedy,Drama,Jake Schreier,,Frank Langella,Susan Sarandon,James Marsden,Liv Tyler,Peter Sarsgaard,2500000,4900000
Rock of Ages,2012-06-15,https://en.wikipedia.org/wiki/Rock_of_Ages_(2012_film),Musical,Drama,Adam Shankman,,Julianne Hough,Diego Boneta,Tom Cruise,Alec Baldwin,Russell Brand,75000000,59400000
Rock the Kasbah,2015-10-22,https://en.wikipedia.org/wiki/Rock_the_Kasbah_(film),Comedy,,Barry Levinson,,Bill Murray,Bruce Willis,Kate Hudson,Scott Caan,Zooey Deschanel,15000000,3400000
Romeo and Juliet,2013-07-26,https://en.wikipedia.org/wiki/Romeo_and_Juliet_(2013_film),Drama,,Carlo Carlei,,Hailee Steinfeld,Douglas Booth,Damian Lewis,Natascha McElhone,Lesley Manville,15000000,3000000
Room,2015-09-04,https://en.wikipedia.org/wiki/Room_(2015_film),Drama,Thriller,Lenny Abrahamson,,Brie Larson,Joan Allen,William H. Macy,Sean Bridgers,Jacob Tremblay,13000000,36000000
Run All Night,2015-03-13,https://en.wikipedia.org/wiki/Run_All_Night_(film),Action,,Jaume Collet-Serra,,Liam Neeson,Joel Kinnaman,Ed Harris,,,61600000,71700000
"Runner, Runner",2013-09-27,"https://en.wikipedia.org/wiki/Runner,_Runner_(film)",Crime,,Brad Furman,,Ben Affleck,Justin Timberlake,Gemma Arterton,Anthony Mackie,,30000000,30000000
Rush,2013-09-20,https://en.wikipedia.org/wiki/Rush_(2013_film),Action,,Ron Howard,,Chris Hemsworth,Daniel Bruhl,Olivia Wilde,Alexandra Maria Lara,,38000000,90200000
Sabotage,2014-03-19,https://en.wikipedia.org/wiki/Sabotage_(2014_film),Action,,David Ayer,,Arnold Schwarzenegger,Mireille Enos,Sam Worthington,Joe Manganiello,Olivia Williams,35000000,17500000
Safe House,2012-02-10,https://en.wikipedia.org/wiki/Safe_House_(2012_film),Action,,Daniel Espinosa,,Denzel Washington,Ryan Reynolds,Sam Shepard,Robert Patrick,Liam Cunningham,85000000,208100000
Salmon Fishing in the Yemen,2012-03-09,https://en.wikipedia.org/wiki/Salmon_Fishing_in_the_Yemen,Drama,Romance,Lasse Hallström,,Ewan McGregor,Emily Blunt,Kristin Scott Thomas,Amr Waked,,14400000,34600000
Savages,2012-07-06,https://en.wikipedia.org/wiki/Savages_(2012_film),Crime,Drama,Oliver Stone,,Taylor Kitsch,Blake Lively,Aaron Johnson,John Travolta,Benicio del Toro,45000000,83000000
Scary Movie 5,2013-04-12,https://en.wikipedia.org/wiki/Scary_Movie_5,Comedy,Horror,Malcolm D. Lee,,Ashley Tisdale,Simon Rex,Lindsay Lohan,Charlie Sheen,Terry Crews,20000000,78400000
Secret in Their Eyes,2015-11-20,https://en.wikipedia.org/wiki/Secret_in_Their_Eyes,Crime,Thriller,Billy Ray,,Julia Roberts,Nicole Kidman,Chiwetel Ejiofor,Dean Norris,,19500000,32200000
Self/less,2015-07-10,https://en.wikipedia.org/wiki/Self/less,Drama,Sci-Fi,Tarsem Singh,,Ryan Reynolds,Ben Kingsley,Natalie Martinez,Victor Garber,Matthew Goode,26000000,30500000
Selma,2014-12-25,https://en.wikipedia.org/wiki/Selma_(film),Drama,,Ava DuVernay,,David Oyelowo,Tom Wilkinson,Common,Carmen Ejogo,,20000000,66800000
Seventh Son,2014-12-17,https://en.wikipedia.org/wiki/Seventh_Son_(film),Fantasy,,Sergei Bodrov,,Sergei Bodrov (director) Ben Barnes,Jeff Bridges,Julianne Moore,Alicia Vikander,Kit Harington,95000000,114200000
Shaun the Sheep Movie,2015-01-24,https://en.wikipedia.org/wiki/Shaun_the_Sheep_Movie,Adventure,Comedy,Mark Burton,,Justin Fletcher,John Sparkes,,,,25000000,106000000
Sicario,2015-05-19,https://en.wikipedia.org/wiki/Sicario_(2015_film),Crime,Drama,Denis Villeneuve,,Emily Blunt,Benicio del Toro,Josh Brolin,Jon Bernthal,,30000000,84900000
Side Effects,2013-02-08,https://en.wikipedia.org/wiki/Side_Effects_(2013_film),Crime,,Steven Soderbergh,,Rooney Mara,Jude Law,Channing Tatum,Catherine Zeta-Jones,Vinessa Shaw,30000000,66700000
Silent Hill: Revelation 3D,2012-10-26,https://en.wikipedia.org/wiki/Silent_Hill:_Revelation_3D,Horror,,Michael J. Bassett,,Adelaide Clemens,Sean Bean,Radha Mitchell,Kit Harington,Carrie-Anne Moss,20000000,52300000
Silver Linings Playbook,2012-11-16,https://en.wikipedia.org/wiki/Silver_Linings_Playbook,Drama,,David O. Russell,,Bradley Cooper,Jennifer Lawrence,Brea Bee,Robert De Niro,Jacki Weaver,21000000,236400000
Sin City: A Dame to Kill For,2014-08-19,https://en.wikipedia.org/wiki/Sin_City:_A_Dame_to_Kill_For,Crime,Thriller,Frank Miller,Robert Rodriguez,Jessica Alba,Powers Boothe,Josh Brolin,Rosario Dawson,Joseph Gordon-Levitt,65000000,39400000
Sinister,2012-10-12,https://en.wikipedia.org/wiki/Sinister_(film),Horror,Thriller,Scott Derrickson,,Ethan Hawke,Juliet Rylance,Fred Thompson,Vincent D'Onofrio,,3000000,77700000
Sinister 2,2015-08-21,https://en.wikipedia.org/wiki/Sinister_2,Horror,,Ciaran Foy,,James Ransone,Shannyn Sossamon,,,,10000000,52900000
Sisters,2015-12-18,https://en.wikipedia.org/wiki/Sisters_(2015_film),Comedy,,Jason Moore,,Amy Poehler,Tina Fey,John Cena,Maya Rudolph,,30000000,105000000
Snitch,2013-02-22,https://en.wikipedia.org/wiki/Snitch_(film),Action,,Ric Roman Waugh,,Dwayne Johnson,Susan Sarandon,Benjamin Bratt,Barry Pepper,,15000000,57800000
Snow White and the Huntsman,2012-06-01,https://en.wikipedia.org/wiki/Snow_White_and_the_Huntsman,Action,Fantasy,Rupert Sanders,,Charlize Theron,Kristen Stewart,Chris Hemsworth,Sam Spruell,Ian McShane,170000000,396600000
Son of God,2014-02-28,https://en.wikipedia.org/wiki/Son_of_God_(film),Drama,,Christopher Spencer,,Diogo Morgado,Roma Downey,Darwin Shaw,,,22000000,67800000
Son of Saul,2015-05-15,https://en.wikipedia.org/wiki/Son_of_Saul,Drama,,László Nemes,,Géza Röhrig,,,,,1500000,6200000
Southpaw,2015-06-15,https://en.wikipedia.org/wiki/Southpaw_(film),Drama,,Antoine Fuqua,,Jake Gyllenhaal,Rachel McAdams,Naomie Harris,Forest Whitaker,Victor Ortiz,30000000,92000000
Spotlight,2015-09-03,https://en.wikipedia.org/wiki/Spotlight_(film),Drama,,Tom McCarthy,,Mark Ruffalo,Michael Keaton,Rachel McAdams,Liev Schreiber,John Slattery,20000000,88300000
Spy,2015-05-15,https://en.wikipedia.org/wiki/Spy_(2015_film),Action,Comedy,Paul Feig,,Melissa McCarthy,Jason Statham,Rose Byrne,Miranda Hart,Bobby Cannavale,65000000,235700000
St. Vincent,2014-09-05,https://en.wikipedia.org/wiki/St._Vincent_(film),Comedy,,Theodore Melfi,,Bill Murray,Melissa McCarthy,Naomi Watts,Chris O'Dowd,Kimberly Quinn,13000000,54800000
Stand by Me Doraemon,2014-08-08,https://en.wikipedia.org/wiki/Stand_by_Me_Doraemon,Animation,,Takashi Yamazaki,Ryuichi Yagi,Wasabi Mizuta,Megumi Ohara,Yumi Kakazu,Tomokazu Seki,Subaru Kimura,35000000,196400000
Star Trek Beyond,2016-07-22,https://en.wikipedia.org/wiki/Star_Trek_Beyond,Action,Adventure,Justin Lin,,Chris Pine,Zachary Quinto,Zoe Saldana,Karl Urban,John Cho,185000000,243000000
Step Up: All In,2014-08-08,https://en.wikipedia.org/wiki/Step_Up:_All_In,Drama,,Trish Sie,,Ryan Guzman,Briana Evigan,Alyson Stoner,Adam Sevani,Mari Koda,45000000,86200000
Steve Jobs,2015-09-05,https://en.wikipedia.org/wiki/Steve_Jobs_(2015_film),Biography,,Danny Boyle,,Michael Fassbender,Seth Rogen,Kate Winslet,Jeff Daniels,Katherine Waterston,30000000,34400000
Straight Outta Compton,2015-08-11,https://en.wikipedia.org/wiki/Straight_Outta_Compton_(2015_film),Biography,Drama,F. Gary Gray,,O'Shea Jackson,Jr.,Corey Hawkins,Jason Mitchell,Aldis Hodge,50000000,201600000
Suffragette,2015-09-04,https://en.wikipedia.org/wiki/Suffragette_(film),Drama,,Sarah Gavron,,Carey Mulligan,Helena Bonham Carter,Meryl Streep,Ben Whishaw,Brendan Gleeson,14000000,32000000
Suicide Squad,2016-08-05,https://en.wikipedia.org/wiki/Suicide_Squad_(film),Action,,David Ayer,,Will Smith,Jared Leto,Margot Robbie,Joel Kinnaman,Viola Davis,175000000,636700000
Taken 2,2012-10-05,https://en.wikipedia.org/wiki/Taken_2,Action,Thriller,Olivier Megaton,,Liam Neeson,Famke Janssen,Maggie Grace,Rade Sherbedgia,Luke Grimes,43000000,376100000
Tammy,2014-07-02,https://en.wikipedia.org/wiki/Tammy_(film),Comedy,,Ben Falcone,,Melissa McCarthy,Susan Sarandon,Allison Janney,Toni Collette,Sandra Oh,20000000,100500000
Ted,2012-06-29,https://en.wikipedia.org/wiki/Ted_(film),Comedy,,Seth MacFarlane,,Mark Wahlberg,Mila Kunis,Seth MacFarlane,Giovanni Ribisi,Joel McHale,51000000,549400000
Ted 2,2015-06-24,https://en.wikipedia.org/wiki/Ted_2,Comedy,,Seth MacFarlane,,Alec Sulkin,Wellesley Wild(screenplay) Mark Wahlberg,Seth MacFarlane,Amanda Seyfried,Giovanni Ribisi,68000000,216700000
Teenage Mutant Ninja Turtles,2014-07-29,https://en.wikipedia.org/wiki/Teenage_Mutant_Ninja_Turtles_(2014_film),Action,Comedy,Jonathan Liebesman,,Megan Fox,Johnny Knoxville,Alan Ritchson,Noel Fisher,Jeremy Howard,125000000,493300000
Teenage Mutant Ninja Turtles: Out of the Shadows,2016-05-22,https://en.wikipedia.org/wiki/Teenage_Mutant_Ninja_Turtles:_Out_of_the_Shadows,Action,,Dave Green,,Megan Fox,Stephen Amell,Will Arnett,Laura Linney,Brian Tee,135000000,242500000
Terminator Genisys,2015-06-22,https://en.wikipedia.org/wiki/Terminator_Genisys,Sci-Fi,Action,Alan Taylor,,Arnold Schwarzenegger,J. K. Simmons,Emilia Clarke,Jason Clarke,Jai Courtney,155000000,440600000
Texas Chainsaw 3D,2013-01-04,https://en.wikipedia.org/wiki/Texas_Chainsaw_3D,Horror,,John Luessenhop,,Alexandra Daddario,Dan Yeager,Trey Songz,Scott Eastwood,Tania Raymonde,20000000,47200000
That Awkward Moment,2014-01-27,https://en.wikipedia.org/wiki/That_Awkward_Moment,Comedy,Romance,Tom Gormican,,Zac Efron,Michael B. Jordan,Miles Teller,Imogen Poots,Jessica Lucas,8000000,40500000
The 33,2015-08-06,https://en.wikipedia.org/wiki/The_33_(film),Drama,,Patricia Riggen,,Antonio Banderas,Rodrigo Santoro,Juliette Binoche,James Brolin,Lou Diamond Phillips,26000000,24900000
The 5th Wave,2016-01-22,https://en.wikipedia.org/wiki/The_5th_Wave_(film),Sci-Fi,Adventure,J Blakeson,,Chloë Grace Moretz,Nick Robinson,Alex Roe,Liev Schreiber,Maika Monroe,35000000,110700000
The Age of Adaline,2015-04-24,https://en.wikipedia.org/wiki/The_Age_of_Adaline,Romance,,Lee Toland Krieger,,Blake Lively,Michiel Huisman,Harrison Ford,Ellen Burstyn,Amanda Crew,25000000,65700000
The Amazing Spider-Man,2012-07-03,https://en.wikipedia.org/wiki/The_Amazing_Spider-Man_(2012_film),Action,Fantasy,Marc Webb,,Andrew Garfield,Emma Stone,Max Charles,Martin Sheen,Sally Field,230000000,757900000
The Angry Birds Movie,2016-05-05,https://en.wikipedia.org/wiki/The_Angry_Birds_Movie,Comedy,,Clay Kaytis,Fergal Reilly,Jason Sudeikis,Josh Gad,Danny McBride,Bill Hader,Maya Rudolph,73000000,346900000
The Best Exotic Marigold Hotel ₪,2012-05-04,https://en.wikipedia.org/wiki/The_Best_Exotic_Marigold_Hotel,Comedy,Drama,John Madden,,Judi Dench,Bill Nighy,Dev Patel,Tom Wilkinson,Maggie Smith,10000000,136800000
The Big Short,2015-12-11,https://en.wikipedia.org/wiki/The_Big_Short_(film),Biography,Drama,Adam McKay,,Religious Bale,Steve Carell,Ryan Gosling,Brad Pitt,Melissa Leo,28000000,133300000
The Bling Ring,2013-06-14,https://en.wikipedia.org/wiki/The_Bling_Ring,Comedy,Crime,Sofia Coppola,,Emma Watson,Israel Broussard,Katie Chang,Claire Julien,Taissa Farmiga,8000000,19100000
The Book of Life,2014-10-12,https://en.wikipedia.org/wiki/The_Book_of_Life_(2014_film),Family,,Jorge R. Gutierrez,,Christina Applegate,Diego Luna,Zoe Saldana,Channing Tatum,,50000000,99800000
The Boss,2016-04-08,https://en.wikipedia.org/wiki/The_Boss_(2016_film),Comedy,,Ben Falcone,,Melissa McCarthy,Kristen Bell,Peter Dinklage,Tyler Labine,Kristen Schaal,29000000,78600000
The Bourne Legacy,2012-08-10,https://en.wikipedia.org/wiki/The_Bourne_Legacy_(film),Action,Thriller,Tony Gilroy,,Jeremy Renner,Rachel Weisz,Edward Norton,Oscar Isaac,Joan Allen,125000000,276100000
The Boxtrolls,2014-08-31,https://en.wikipedia.org/wiki/The_Boxtrolls,Family,,Anthony Stacchi,Graham Annable,Ben Kingsley,Toni Collette,Elle Fanning,Isaac Hempstead-Wright,Jared Harris,60000000,109300000
The Boy,2016-01-22,https://en.wikipedia.org/wiki/The_Boy_(2016_film),Horror,Thriller,William Brent Bell,,Lauren Cohan,Rupert Evans,Jim Norton,Diana Hardcastle,,10000000,64200000
The Butler,2013-08-16,https://en.wikipedia.org/wiki/The_Butler,Drama,Biography,Lee Daniels,,Forest Whitaker,Oprah Winfrey,David Oyelowo,Liam Neeson,John Cusack,30000000,176600000
The Cabin in the Woods,2012-04-13,https://en.wikipedia.org/wiki/The_Cabin_in_the_Woods,Horror,Comedy,Drew Goddard,,Richard Jenkins,Bradley Whitford,Jesse Williams,Chris Hemsworth,Kristen Connolly,30000000,66500000
The Call,2013-03-15,https://en.wikipedia.org/wiki/The_Call_(2013_film),Mystery,,Brad Anderson,,Abigail Breslin,Halle Berry,Morris Chestnut,Michael Eklund,Michael Imperioli,13000000,68600000
The Campaign,2012-08-10,https://en.wikipedia.org/wiki/The_Campaign_(film),Comedy,,Jay Roach,,Will Ferrell,Zach Galifianakis,Jason Sudeikis,Katherine LaNasa,Dylan McDermott,95000000,104900000
The Cold Light of Day,2012-09-07,https://en.wikipedia.org/wiki/The_Cold_Light_of_Day_(film),Action,Thriller,Mabrouk El Mechri,,Henry Cavill,Bruce Willis,Sigourney Weaver,Veronica Echegui,Roschoy Zem,20000000,16900000
The Collection,2012-11-30,https://en.wikipedia.org/wiki/The_Collection_(film),Horror,,Marcus Dunstan,,Josh Stewart,Emma Fitzpatrick,,,,10000000,8900000
The Conjuring,2013-07-19,https://en.wikipedia.org/wiki/The_Conjuring_(film),Thriller,Horror,James Wan,,Patrick Wilson,Vera Farmiga,Ron Livingston,Lili Taylor,Shannon Kook,20000000,318000000
The Conjuring 2,2016-06-07,https://en.wikipedia.org/wiki/The_Conjuring_2,Horror,,James Wan,,Patrick Wilson,Vera Farmiga,,,,40000000,319500000
The Croods,2013-03-22,https://en.wikipedia.org/wiki/The_Croods,Adventure,Comedy,Chris Sanders,Kirk DeMicco,Nicolas Cage,Ryan Reynolds,Emma Stone,Catherine Keener,Clark Duke,135000000,587200000
The Danish Girl,2015-09-05,https://en.wikipedia.org/wiki/The_Danish_Girl_(film),Drama,,Tom Hooper,,Eddie Redmayne,Alicia Vikander,Matthias Schoenaerts,Ben Whishaw,,15000000,64200000
The Darkness,2016-05-13,https://en.wikipedia.org/wiki/The_Darkness_(film),Horror,,Greg McLean,,Kevin Bacon,Radha Mitchell,David Mazouz,Lucy Fry,Matt Walsh,4000000,10900000
The Devil Inside,2012-01-06,https://en.wikipedia.org/wiki/The_Devil_Inside_(film),Horror,Drama,William Brent Bell,,Suzan Crowley,Fernanda Andrade,Simon Quarterman,Evan Helmuth,,1000000,101800000
The Dictator,2012-05-16,https://en.wikipedia.org/wiki/The_Dictator_(2012_film),Comedy,,Larry Charles,,Sacha Baron Cohen,Ben Kingsley,Anna Faris,Megan Fox,John C. Reilly,65000000,179400000
The Divergent Series: Allegiant,2016-03-18,https://en.wikipedia.org/wiki/The_Divergent_Series:_Allegiant,Adventure,Action,Robert Schwentke,,Shailene Woodley,Theo James,Naomi Watts,Jeff Daniels,Ansel Elgort,110000000,179200000
The Divergent Series: Insurgent,2015-03-19,https://en.wikipedia.org/wiki/The_Divergent_Series:_Insurgent,Sci-Fi,Action,Robert Schwentke,,Shailene Woodley,Kate Winslet,Theo James,Ansel Elgort,Naomi Watts,110000000,297300000
The Drop,2014-09-12,https://en.wikipedia.org/wiki/The_Drop_(film),Drama,,Michaël R. Roskam,,Tom Hardy,Noomi Rapace,James Gandolfini,Matthias Schoenaerts,John Ortiz,12600000,18700000
The Duff,2015-02-12,https://en.wikipedia.org/wiki/The_Duff,Comedy,,Ari Sandel,,Mae Whitman,Robbie Amell,Bella Thorne,Bianca A. Santos,Allison Janney,8500000,43500000
The East,2013-05-31,https://en.wikipedia.org/wiki/The_East_(film),Crime,,Zal Batmanglij,,Brit Marling,Alexander Skarsgard,Ellen Page,Julia Ormond,Patricia Clarkson,6500000,2400000
The Equalizer,2014-09-07,https://en.wikipedia.org/wiki/The_Equalizer_(film),Thriller,,Antoine Fuqua,,Denzel Washington,Chloë Grace Moretz,Marton Csokas,David Harbour,Bill Pullman,55000000,192300000
The Expendables 2,2012-08-17,https://en.wikipedia.org/wiki/The_Expendables_2,Action,,Simon West,,Sylvester Stallone,Jason Statham,Dolph Lundgren,Terry Crews,Randy Couture,100000000,305400000
The Expendables 3,2014-08-04,https://en.wikipedia.org/wiki/The_Expendables_3,Action,,Patrick Hughes,,Sylvester Stallone,Arnold Schwarzenegger,Harrison Ford,Mel Gibson,Jason Statham,90000000,206200000
The Family,2013-09-13,https://en.wikipedia.org/wiki/The_Family_(2013_film),Crime,,Luc Besson,,Robert De Niro,Michelle Pfeiffer,Dianna Agron,Tommy Lee Jones,Vincent Pastore,30000000,78400000
The Fault in Our Stars,2014-05-16,https://en.wikipedia.org/wiki/The_Fault_in_Our_Stars_(film),Drama,,Josh Boone,,Shailene Woodley,Ansel Elgort,,,,13000000,307200000
The Five-Year Engagement,2012-04-27,https://en.wikipedia.org/wiki/The_Five-Year_Engagement,Comedy,Romance,Nicholas Stoller,,Jason Segel,Emily Blunt,Chris Pratt,Alison Brie,Rhys Ifans,30000000,53900000
The Forest,2016-01-08,https://en.wikipedia.org/wiki/The_Forest_(2016_film),Horror,,Jason Zada,,Natalie Dormer,Taylor Kinney,,,,10000000,37600000
The Gift,2015-07-30,https://en.wikipedia.org/wiki/The_Gift_(2015_film),Thriller,,Joel Edgerton,,Jason Bateman,Rebecca Hall,Joel Edgerton,,,5000000,59000000
The Giver,2014-08-11,https://en.wikipedia.org/wiki/The_Giver_(film),Sci-Fi,,Phillip Noyce,,Jeff Bridges,Brenton Thwaites,Meryl Streep,Alexander Skarsgård,Katie Holmes,25000000,67000000
The Grand Budapest Hotel,2014-02-06,https://en.wikipedia.org/wiki/The_Grand_Budapest_Hotel,Comedy,,Wes Anderson,,Ralph Fiennes,Tony Revolori,F. Murray Abraham,Mathieu Amalric,Adrien Brody,23000000,174800000
The Great Gatsby,2013-05-10,https://en.wikipedia.org/wiki/The_Great_Gatsby_(2013_film),Drama,Romance,Baz Luhrmann,,Leonardo DiCaprio,Tobey Maguire,Joel Edgerton,Carey Mulligan,Isla Fisher,105000000,351000000
The Grey,2012-01-27,https://en.wikipedia.org/wiki/The_Grey_(film),Action,Drama,Joe Carnahan,,Liam Neeson,Frank Grillo,Dermot Mulroney,Dallas Roberts,,25000000,77300000
The Gunman,2015-03-20,https://en.wikipedia.org/wiki/The_Gunman_(film),Thriller,,Pierre Morel,,Sean Penn,Javier Bardem,Ray Winstone,Idris Elba,Mark Rylance,40000000,24200000
The Hangover Part III,2013-05-23,https://en.wikipedia.org/wiki/The_Hangover_Part_III,Comedy,,Todd Phillips,,Bradley Cooper,Zach Galifianakis,Ed Helms,Justin Bartha,Ken Jeong,103000000,362000000
The Hateful Eight,2015-12-25,https://en.wikipedia.org/wiki/The_Hateful_Eight,Drama,,Quentin Tarantino,,Samuel L. Jackson,Kurt Russell,Jennifer Jason Leigh,Walton Goggins,Tim Roth,44000000,155800000
The Heat,2013-06-28,https://en.wikipedia.org/wiki/The_Heat_(film),Action,Comedy,Paul Feig,,Sandra Bullock,Melissa McCarthy,Kaitlin Olson,Tony Hale,Demian Bichir,43000000,229900000
The Hobbit: The Battle of the Five Armies,2014-12-01,https://en.wikipedia.org/wiki/The_Hobbit:_The_Battle_of_the_Five_Armies,Adventure,Fantasy,Peter Jackson,,Ian McKellen,Martin Freeman,Richard Armitage,Evangeline Lilly,Luke Evans,250000000,956000000
The Host,2013-03-29,https://en.wikipedia.org/wiki/The_Host_(2013_film),Sci-Fi,Romance,Andrew Niccol,,Saoirse Ronan,Max Irons,Jake Abel,Diane Kruger,William Hurt,40000000,63300000
The Hundred-Foot Journey,2014-08-08,https://en.wikipedia.org/wiki/The_Hundred-Foot_Journey_(film),Drama,,Lasse Hallström,,Helen Mirren,Manish Dayal,,,,22000000,88900000
The Hunger Games,2012-03-23,https://en.wikipedia.org/wiki/The_Hunger_Games_(film),Action,Sci-Fi,Gary Ross,,Jennifer Lawrence,Josh Hutcherson,Liam Hemsworth,Wes Bentley,Elizabeth Banks,78000000,694400000
The Hunger Games: Mockingjay – Part 1,2014-11-10,https://en.wikipedia.org/wiki/The_Hunger_Games:_Mockingjay_%25E2%2580%2593_Part_1,Sci-Fi,Adventure,Francis Lawrence,,Jennifer Lawrence,Josh Hutcherson,Woody Harrelson,Julianne Moore,Donald Sutherland,125000000,755400000
The Hunger Games: Mockingjay – Part 2,2015-11-04,https://en.wikipedia.org/wiki/The_Hunger_Games:_Mockingjay_%25E2%2580%2593_Part_2,Sci-Fi,,Francis Lawrence,,Jennifer Lawrence,Josh Hutcherson,Liam Hemsworth,Woody Harrelson,Elizabeth Banks,160000000,653400000
The Huntsman: Winter's War,2016-04-22,https://en.wikipedia.org/wiki/The_Huntsman:_Winter%2527s_War,Fantasy,,Cedric Nicolas-Troyan,,Chris Hemsworth,Charlize Theron,Emily Blunt,Jessica Chastain,Nick Frost,115000000,164600000
The Iceman,2013-05-03,https://en.wikipedia.org/wiki/The_Iceman_(film),Drama,Thriller,Ariel Vromen,,Morgan Land (screenplay),Michael Shannon,Winona Ryder,Chris Evans,Ray Liotta,10000000,4400000
The Identical,2014-04-17,https://en.wikipedia.org/wiki/The_Identical,Religious,Musical,Dustin Marcellino,,Ray Liotta,Ashley Judd,Seth Green,Brian Geraghty,Joe Pantoliano,16000000,2800000
The Imitation Game,2014-08-29,https://en.wikipedia.org/wiki/The_Imitation_Game,Drama,,Morten Tyldum,,Benedict Cumberbatch,Keira Knightley,Matthew Goode,Rory Kinnear,Allen Leech,14000000,233600000
The Impossible,2012-12-21,https://en.wikipedia.org/wiki/The_Impossible_(2012_film),Drama,,Juan Antonio Bayona,,Naomi Watts,Ewan McGregor,,,,45000000,180300000
The Incredible Burt Wonderstone,2013-03-15,https://en.wikipedia.org/wiki/The_Incredible_Burt_Wonderstone,Comedy,,Don Scardino,,Steve Carell,Jim Carrey,Steve Buscemi,Olivia Wilde,James Gandolfini,34000000,27400000
The Infiltrator,2016-07-13,https://en.wikipedia.org/wiki/The_Infiltrator_(2016_film),Drama,Biography,Brad Furman,,Bryan Cranston,Diane Kruger,Benjamin Bratt,John Leguizamo,Amy Ryan,47500000,15200000
The Intern,2015-09-15,https://en.wikipedia.org/wiki/The_Intern_(2015_film),Comedy,,Nancy Meyers,,Robert De Niro,Anne Hathaway,Rene Russo,Adam DeVine,Anders Holm,44000000,194600000
The Internship,2013-06-07,https://en.wikipedia.org/wiki/The_Internship,Comedy,,Shawn Levy,,Vince Vaughn,Owen Wilson,Dylan O'Brien,Rose Byrne,Jessica Szohr,58000000,93000000
The Interview,2014-12-11,https://en.wikipedia.org/wiki/The_Interview_(2014_film),Action,Comedy,Seth Rogen,Evan Goldberg,Seth Rogen,James Franco,Lizzy Caplan,,,44000000,11300000
The Judge,2014-09-04,https://en.wikipedia.org/wiki/The_Judge_(2014_film),Comedy,Drama,David Dobkin,,Robert Downey,Jr.,Robert Duvall,Vera Farmiga,Billy Bob Thornton,50000000,84400000
The Lady in the Van,2015-12-04,https://en.wikipedia.org/wiki/The_Lady_in_the_Van,Comedy,Drama,Nicholas Hytner,,Maggie Smith,Alex Jennings,Jim Broadbent,Frances de la Tour,Roger Allam,6000000,41400000
The Last Exorcism Part II,2013-03-01,https://en.wikipedia.org/wiki/The_Last_Exorcism_Part_II,Horror,Thriller,Ed Gass-Donnelly,,Ashley Bell,Spencer Treat Clark,Muse Watson,Louis Herthum,Judd Lormand,5000000,15100000
The Last Stand,2013-01-18,https://en.wikipedia.org/wiki/The_Last_Stand_(2013_film),Action,,Kim Ji-woon,,Arnold Schwarzenegger,Forest Whitaker,Peter Stormare,Jaimie Alexander,Rodrigo Santoro,45000000,48300000
The Last Witch Hunter,2015-10-23,https://en.wikipedia.org/wiki/The_Last_Witch_Hunter,Action,Fantasy,Breck Eisner,,Vin Diesel,Michael Caine,Rose Leslie,Elijah Wood,,90000000,140400000
The Lazarus Effect,2015-02-27,https://en.wikipedia.org/wiki/The_Lazarus_Effect_(2015_film),Horror,,David Gelb,,Olivia Wilde,Mark Duplass,Donald Glover,,,3300000,38400000
The Legend of Hercules,2014-01-10,https://en.wikipedia.org/wiki/The_Legend_of_Hercules,Action,Adventure,Renny Harlin,,Kellan Lutz,Gaia Weiss,Scott Adkins,Roxanne McKee,Liam Garrigan,70000000,61300000
The Legend of Tarzan,2016-07-01,https://en.wikipedia.org/wiki/The_Legend_of_Tarzan_(film),Action,Adventure,David Yates,,Alexander Skarsgard,Margot Robbie,Christoph Waltz,Samuel L. Jackson,Djimon Hounsou,180000000,352700000
The Lego Movie,2014-02-01,https://en.wikipedia.org/wiki/The_Lego_Movie,Family,,Phil Lord,Chris Miller,Chris Pratt,Will Ferrell,Elizabeth Banks,Will Arnett,Nick Offerman,60000000,469200000
The Letters,2015-12-04,https://en.wikipedia.org/wiki/The_Letters_(film),Drama,,William Riead,,Juliet Stevenson,Max von Sydow,Rutger Hauer,Priya Darshini,,1000000,1600000
The Lucky One,2012-04-20,https://en.wikipedia.org/wiki/The_Lucky_One_(film),Drama,Romance,Scott Hicks,,Zac Efron,Taylor Schilling,Jay R. Ferguson,Riley Thomas Stewart,Adam Lefevre,25000000,99400000
The Man from U.N.C.L.E.,2015-08-07,https://en.wikipedia.org/wiki/The_Man_from_U.N.C.L.E._(film),Action,Comedy,Guy Ritchie,,Henry Cavill,Armie Hammer,Elizabeth Debicki,Alicia Vikander,Hugh Grant,75000000,109800000
The Man with the Iron Fists,2012-11-02,https://en.wikipedia.org/wiki/The_Man_with_the_Iron_Fists,Action,Fantasy,RZA,,Russell Crowe,Lucy Liu,David Bautista,RZA,Byron Mann,20000000,20300000
The Martian,2015-09-11,https://en.wikipedia.org/wiki/The_Martian_(film),Sci-Fi,,Ridley Scott,,Matt Damon,Jeff Daniels,Kristen Wiig,Sean Bean,Jessica Chastain,108000000,630200000
The Master,2012-09-14,https://en.wikipedia.org/wiki/The_Master_(2012_film),Drama,,Paul Thomas Anderson,,Philip Seymour Hoffman,Joaquin Phoenix,Jesse Plemons,David Warshofsky,Amy Adams,32000000,28300000
The Maze Runner,2014-09-19,https://en.wikipedia.org/wiki/The_Maze_Runner_(film),Sci-Fi,Mystery,Wes Ball,,Dylan O'Brien,Will Poulter,Thomas Sangster,Aml Ameen,Kaya Scodelario,34000000,348300000
The Mermaid,2016-02-08,https://en.wikipedia.org/wiki/The_Mermaid_(2016_film),Sci-Fi,Fantasy,Stephen Chow,,Deng Chao,Lin Yun,Show Luo,Zhang Yuqi,Kris Wu,60720000,553800000
The Monuments Men,2014-02-07,https://en.wikipedia.org/wiki/The_Monuments_Men,Drama,,George Clooney,,George Clooney,Matt Damon,Bill Murray,John Goodman,Jean Dujardin,70000000,155000000
The Mortal Instruments: City of Bones,2013-08-21,https://en.wikipedia.org/wiki/The_Mortal_Instruments:_City_of_Bones,Action,Fantasy,Harald Zwart,,Lily Collins,Jamie Campbell Bower,Robert Sheehan,Jemima West,Kevin Durand,60000000,90600000
The Night Before,2015-11-20,https://en.wikipedia.org/wiki/The_Night_Before_(2015_film),Comedy,,Jonathan Levine,,Joseph Gordon-Levitt,Seth Rogen,Anthony Mackie,,,25000000,52400000
The November Man,2014-08-27,https://en.wikipedia.org/wiki/The_November_Man,Thriller,,Roger Donaldson,,Pierce Brosnan,Olga Kurylenko,Luke Bracey,Bill Smitrovich,Will Patton,15000000,34800000
The Nut Job,2014-01-11,https://en.wikipedia.org/wiki/The_Nut_Job,Family,,Peter Lepeniotis,,Will Arnett,Katherine Heigl,Liam Neeson,Brendan Fraser,Gabriel Iglesias,42800000,120900000
The Oogieloves in the Big Balloon Adventure,2012-08-29,https://en.wikipedia.org/wiki/The_Oogieloves_in_the_Big_Balloon_Adventure,Family,,Matthew Diamond,,Toni Braxton,Cloris Leachman,Christopher Lloyd,Chazz Palminteri,Cary Elwes,20000000,1100000
The Other Woman,2014-03-31,https://en.wikipedia.org/wiki/The_Other_Woman_(2014_film),Comedy,,Nick Cassavetes,,Cameron Diaz,Leslie Mann,Kate Upton,Nikolaj Coster-Waldau,Taylor Kinney,40000000,196700000
The Peanuts Movie,2015-11-01,https://en.wikipedia.org/wiki/The_Peanuts_Movie,Animation,Comedy,Steve Martino,,Bill Melendez,Noah Schnapp,Hadley Belle Miller,AJ Teece,Noah Johnston,99000000,246200000
The Perfect Guy,2015-09-02,https://en.wikipedia.org/wiki/The_Perfect_Guy_(2015_film),Thriller,,David M. Rosenthal,,Sanaa Lathan,Michael Ealy,Morris Chestnut,,,18000000,60300000
The Perfect Match,2016-03-11,https://en.wikipedia.org/wiki/The_Perfect_Match_(2016_film),Romance,,Bille Woodruff,,Terrence J,Cassie Ventura,Donald Faison,Dascha Polanco,Robert Christopher Riley,5000000,10400000
The Perks of Being a Wallflower,2012-09-21,https://en.wikipedia.org/wiki/The_Perks_of_Being_a_Wallflower_(film),Drama,,Stephen Chbosky,,Emma Watson,Logan Lerman,Mae Whitman,Nina Dobrev,Johnny Simmons,13000000,33400000
The Pirates! Band of Misfits,2012-04-27,https://en.wikipedia.org/wiki/The_Pirates!_In_an_Adventure_with_Scientists_(film),Comedy,Action,Peter Lord,Jeff Newitt,Hugh Grant,Salma Hayek,Jeremy Piven,Imelda Staunton,David Tennant,55000000,123000000
The Place Beyond the Pines,2013-03-29,https://en.wikipedia.org/wiki/The_Place_Beyond_the_Pines,Crime,Drama,Derek Cianfrance,,Ryan Gosling,Bradley Cooper,Rose Byrne,Eva Mendes,Ray Liotta,15000000,47000000
The Possession,2012-08-31,https://en.wikipedia.org/wiki/The_Possession_(2012_film),Horror,Thriller,Ole Bornedal,,Jeffrey Dean Morgan,Kyra Sedgwick,,,,14000000,78500000
The Purge,2013-05-31,https://en.wikipedia.org/wiki/The_Purge,Sci-Fi,Thriller,James DeMonaco,,Ethan Hawke,Lena Headey,Max Burkholder,Tony Oller,Edwin Hodge,3000000,89300000
The Purge: Election Year,2016-07-01,https://en.wikipedia.org/wiki/The_Purge:_Election_Year,Horror,Thriller,James DeMonaco,,Frank Grillo,Betty Gabriel,Edwin Hodge,Kyle Secor,Joseph Julian Soria,10000000,105600000
The Raid 2,2014-01-21,https://en.wikipedia.org/wiki/The_Raid_2,Action,,Gareth Evans,,Iko Uwais,Tio Pakusadewo,Arifin Putra,Julie Estelle,Alex Abbad,4500000,6600000
The Raid: Redemption ₪,2012-03-23,https://en.wikipedia.org/wiki/The_Raid:_Redemption,Action,,Gareth Evans,,Iko Uwais,Doni Alamsyah,Joe Taslim,Yayan Ruhian,Ray Sahetapy,1100000,9140000
The Raven,2012-04-27,https://en.wikipedia.org/wiki/The_Raven_(2012_film),Thriller,,James McTeigue,,John Cusack,Alice Eve,Luke Evans,Brendan Gleeson,Oliver Jackson-Cohen,26000000,29700000
The Revenant,2015-12-25,https://en.wikipedia.org/wiki/The_Revenant_(2015_film),Thriller,,Alejandro G. Iñárritu,,Leonardo DiCaprio,Tom Hardy,Domhnall Gleeson,Will Poulter,,135000000,533000000
The Second Best Exotic Marigold Hotel,2015-02-26,https://en.wikipedia.org/wiki/The_Second_Best_Exotic_Marigold_Hotel,Comedy,Drama,John Madden,,Judi Dench,Bill Nighy,Maggie Smith,Richard Gere,Celia Imrie,10000000,86000000
The Second Mother,2015-01-25,https://en.wikipedia.org/wiki/The_Second_Mother_(2015_film),Drama,,Anna Muylaert,,Regina Casé,Michel Joelsas,Camila Márdila,,,4000000,6200000
The Secret Life of Pets,2016-07-08,https://en.wikipedia.org/wiki/The_Secret_Life_of_Pets,Adventure,Comedy,Chris Renaud,Yarrow Cheney,Louis C.K.,Eric Stonestreet,Kevin Hart,Albert Brooks,Hannibal Buress,75000000,724900000
The Secret World of Arrietty,2012-02-17,https://en.wikipedia.org/wiki/Arrietty,Adventure,,Gary Rydstrom,,Will Arnett,Amy Poehler,Carol Burnett,Bridgit Mendler,David Henrie,23000000,145600000
The Shallows,2016-06-21,https://en.wikipedia.org/wiki/The_Shallows_(film),Horror,,Jaume Collet-Serra,,Blake Lively,Óscar Jaenada,,,,17000000,93200000
The Signal,2014-01-20,https://en.wikipedia.org/wiki/The_Signal_(2014_film),Sci-Fi,,William Eubank,,Brenton Thwaites,Olivia Cooke,Sarah Clarke,Laurence Fishburne,,4000000,2420000
The Single Moms Club,2014-03-14,https://en.wikipedia.org/wiki/The_Single_Moms_Club,Comedy,,Tyler Perry,,Tyler Perry,Nia Long,Wendi McLendon-Covey,Zulay Henao,Cocoa Brown,8000000,16300000
The Smurfs 2,2013-07-31,https://en.wikipedia.org/wiki/The_Smurfs_2,Adventure,Family,Raja Gosnell,,Neil Patrick Harris,Jayma Mays,Hank Azaria,Tim Gunn,Brendan Gleeson,105000000,347500000
The Spectacular Now,2013-08-02,https://en.wikipedia.org/wiki/The_Spectacular_Now,Drama,,James Ponsoldt,,Miles Teller,Shailene Woodley,Kaitlyn Dever,Brie Larson,Dayo Okeniyi,2500000,6900000
The SpongeBob Movie: Sponge Out of Water,2015-02-06,https://en.wikipedia.org/wiki/The_SpongeBob_Movie:_Sponge_Out_of_Water,Adventure,Comedy,Paul Tibbitt,Jonathan Aibel,Paul Tibbitt (director),Jonathan Aibel,Glenn Berger(screenplay),Antonio Banderas,Tom Kenny,74000000,323400000
The Sweet Escape,2015-06-10,https://en.wikipedia.org/wiki/The_Sweet_Escape_(film),Comedy,,Bruno Podalydès,,Bruno Podalydès,Sandrine Kiberlain,Agnès Jaoui,Vimala Pons,,3800000,3300000
The Theory of Everything,2014-09-07,https://en.wikipedia.org/wiki/The_Theory_of_Everything_(2014_film),Biography,Drama,James Marsh,,Eddie Redmayne,Felicity Jones,,,,15000000,123700000
The Three Stooges,2012-04-13,https://en.wikipedia.org/wiki/The_Three_Stooges_(film),Comedy,,Bobby Farrelly,Peter Farrelly,Chris Diamantopoulos,Sean Hayes,Will Sasso,Jane Lynch,Larry David,30000000,54800000
The Transporter Refueled,2015-09-04,https://en.wikipedia.org/wiki/The_Transporter_Refueled,Action,Thriller,Camille Delamarre,,Ed Skrein,Ray Stevenson,Loan Chabanol,Gabriella Wright,,25000000,72600000
The Twilight Saga: Breaking Dawn – Part 2,2012-11-16,https://en.wikipedia.org/wiki/The_Twilight_Saga:_Breaking_Dawn_%25E2%2580%2593_Part_2,Fantasy,Drama,Bill Condon,,Kristen Stewart,Robert Pattinson,Michael Sheen,Mackenzie Foy,Billy Burke,120000000,829700000
The Vatican Tapes,2015-07-25,https://en.wikipedia.org/wiki/The_Vatican_Tapes,Horror,,Mark Neveldine,,Kathleen Robertson,Michael Peña,Djimon Hounsou,Dougray Scott,John Patrick Amedori,13000000,13500000
The Visit,2015-09-08,https://en.wikipedia.org/wiki/The_Visit_(2015_American_film),Horror,Thriller,M. Night Shyamalan,,Kathryn Hahn,Ed Oxenbould,Deanna Dunagan,Peter McRobbie,Olivia DeJonge,5000000,98500000
The Walk,2015-09-30,https://en.wikipedia.org/wiki/The_Walk_(2015_film),Biography,,Robert Zemeckis,,Joseph Gordon-Levitt,Ben Kingsley,James Badge Dale,Charlotte Le Bon,,45000000,61200000
The Watch,2012-07-27,https://en.wikipedia.org/wiki/The_Watch_(2012_film),Comedy,,Akiva Schaffer,,Ben Stiller,Vince Vaughn,Rosemarie DeWitt,Jonah Hill,Richard Ayoade,68000000,68300000
The Water Diviner,2014-12-26,https://en.wikipedia.org/wiki/The_Water_Diviner,Drama,,Russell Crowe,,Cem Yılmaz,Miyavi,Yılmaz Erdoğan,,,22500000,30800000
"The Way, Way Back",2013-07-05,"https://en.wikipedia.org/wiki/The_Way,_Way_Back",Comedy,Drama,Nat Faxon,Jim Rash,Steve Carell,Toni Collette,Allison Janney,AnnaSophia Robb,Sam Rockwell,5000000,5000000
The Wedding Ringer,2015-01-16,https://en.wikipedia.org/wiki/The_Wedding_Ringer,Romance,Comedy,Jeremy Garelick,,Kevin Hart,Josh Gad,Kaley Cuoco,Olivia Thirlby,Alan Ritchson,23000000,79800000
The Witch,2016-01-27,https://en.wikipedia.org/wiki/The_Witch_(2015_film),Horror,,Robert Eggers,,Anya Taylor-Joy,Ralph Ineson,Kate Dickie,,,3000000,40400000
The Wolverine,2013-07-24,https://en.wikipedia.org/wiki/The_Wolverine_(film),Action,Adventure,James Mangold,,Hugh Jackman,Famke Janssen,Hiroyuki Sanada,Hal Yamanouchi,Tao Okamoto,120000000,414800000
The Woman in Black,2012-02-03,https://en.wikipedia.org/wiki/The_Woman_in_Black_(2012_film),Horror,Thriller,James Watkins,,Daniel Radcliffe,Ciarán Hinds,Janet McTeer,Liz White,Alisa Khazanova,15000000,128500000
The Woman in Black: Angel of Death,2014-12-30,https://en.wikipedia.org/wiki/The_Woman_in_Black:_Angel_of_Death,Horror,,Tom Harper,,Phoebe Fox,Jeremy Irvine,Helen McCrory,Adrian Rawlins,Oaklee Pendergast,15000000,48900000
The World's End,2013-07-19,https://en.wikipedia.org/wiki/The_World%2527s_End_(film),Comedy,Sci-Fi,Edgar Wright,,Simon Pegg,Nick Frost,Paddy Considine,Martin Freeman,Eddie Marsan,20000000,46100000
The Young Messiah,2016-03-11,https://en.wikipedia.org/wiki/The_Young_Messiah_(film),Drama,,Cyrus Nowrasteh,,Adam Greaves-Neal,Sean Bean,,,,18500000,7200000
Think Like a Man,2012-04-20,https://en.wikipedia.org/wiki/Think_Like_a_Man,Comedy,Romance,Tim Story,,Kevin Hart,Michael Ealy,Taraji P. Henson,Jerry Ferrara,Meagan Good,12000000,96100000
This Is the End,2013-06-12,https://en.wikipedia.org/wiki/This_Is_the_End,Comedy,Sci-Fi,Evan Goldberg,Seth Rogen,Seth Rogen,Jay Baruchel,James Franco,Craig Robinson,Danny McBride,32000000,126000000
This Is Where I Leave You,2014-09-19,https://en.wikipedia.org/wiki/This_Is_Where_I_Leave_You,Comedy,,Shawn Levy,,Jason Bateman,Tina Fey,Jane Fonda,Timothy Olyphant,Corey Stoll,19800000,41300000
This Means War,2012-02-17,https://en.wikipedia.org/wiki/This_Means_War_(film),Action,Romance,McG,,Tom Hardy,Chris Pine,Reese Witherspoon,Chelsea Handler,Til Schweiger,65000000,156500000
Top Five,2014-09-06,https://en.wikipedia.org/wiki/Top_Five,Comedy,,Chris Rock,,Chris Rock,Rosario Dawson,Genevieve Angelson,Rachel Feinstein,Dan Naturman,12000000,26100000
Top Gun 3D,2013-02-08,https://en.wikipedia.org/wiki/Top_Gun,Action,,Tony Scott,,Tom Cruise,Kelly McGillis,Val Kilmer,James Tolkan,Tom Skerritt,15000000,356800000
Total Recall,2012-08-03,https://en.wikipedia.org/wiki/Total_Recall_(2012_film),Action,Sci-Fi,Len Wiseman,,Colin Farrell,Jessica Biel,Bryan Cranston,Kate Beckinsale,Bill Nighy,125000000,198500000
Trance,2013-03-27,https://en.wikipedia.org/wiki/Trance_(2013_film),Crime,,Danny Boyle,,James McAvoy,Vincent Cassel,Rosario Dawson,Tuppence Middleton,Lee Nicholas Harris,20000000,24300000
Transcendence,2014-04-10,https://en.wikipedia.org/wiki/Transcendence_(2014_film),Sci-Fi,Thriller,Wally Pfister,,Johnny Depp,Paul Bettany,Rebecca Hall,Kate Mara,Morgan Freeman,100000000,103000000
Triple 9,2016-02-16,https://en.wikipedia.org/wiki/Triple_9,Crime,Drama,John Hillcoat,,Kate Winslet,Woody Harrelson,Gal Gadot,Anthony Mackie,Teresa Palmer,20000000,23400000
Trouble with the Curve,2012-09-21,https://en.wikipedia.org/wiki/Trouble_with_the_Curve,Drama,Sports,Robert Lorenz,,Clint Eastwood,Amy Adams,Matthew Lillard,Justin Timberlake,John Goodman,60000000,49000000
Trumbo,2015-09-12,https://en.wikipedia.org/wiki/Trumbo_(2015_film),Drama,,Jay Roach,,Bryan Cranston,Diane Lane,Helen Mirren,John Goodman,Elle Fanning,15000000,8200000
Truth,2015-09-12,https://en.wikipedia.org/wiki/Truth_(2015_film),Drama,,James Vanderbilt,,Robert Redford,Cate Blanchett,Dennis Quaid,Topher Grace,Elisabeth Moss,9600000,5400000
Turbo,2013-07-17,https://en.wikipedia.org/wiki/Turbo_(film),Comedy,Family,David Soren,,Ryan Reynolds,Paul Giamatti,Michael Peña,Luis Guzmán,Bill Hader,127000000,282600000
Tusk,2014-09-06,https://en.wikipedia.org/wiki/Tusk_(2014_film),Horror,,Kevin Smith,,Michael Parks,Justin Long,Haley Joel Osment,Génesis Rodríguez,Johnny Depp,3000000,1900000
Unbroken,2014-11-17,https://en.wikipedia.org/wiki/Unbroken_(film),Drama,,Angelina Jolie,,Jack O'Connell,Miyavi,Domhnall Gleeson,Garrett Hedlund,Jai Courtney,65000000,163400000
Unfinished Business,2015-03-06,https://en.wikipedia.org/wiki/Unfinished_Business_(2015_film),Comedy,,Ken Scott,,Vince Vaughn,Tom Wilkinson,Dave Franco,Sienna Miller,Nick Frost,35000000,14400000
Unfriended,2014-07-20,https://en.wikipedia.org/wiki/Unfriended,Horror,,Levan Gabriadze,,Shelley Hennig,Renee Olstead,Jacob Wysocki,Will Peltz,,1000000,64100000
Vacation,2015-07-29,https://en.wikipedia.org/wiki/Vacation_(2015_film),Adventure,Comedy,John Francis Daley,Jonathan Goldstein,Ed Helms,Christina Applegate,Leslie Mann,Chris Hemsworth,Charlie Day,31000000,104900000
Vampire Academy,2014-02-07,https://en.wikipedia.org/wiki/Vampire_Academy_(film),Action,Romance,Mark Waters,,Zoey Deutch,Lucy Fry,Danila Kozlovsky,,,30000000,15400000
Veronica Mars,2014-03-14,https://en.wikipedia.org/wiki/Veronica_Mars_(film),Mystery,Drama,Rob Thomas,,Kristen Bell,Jason Dohring,Krysten Ritter,Ryan Hansen,Francis Capra,6000000,3500000
Victor Frankenstein,2015-11-25,https://en.wikipedia.org/wiki/Victor_Frankenstein_(film),Horror,,Paul McGuigan,,Daniel Radcliffe,James McAvoy,Jessica Brown Findlay,Andrew Scott,,40000000,34200000
Wanderlust,2012-02-24,https://en.wikipedia.org/wiki/Wanderlust_(2012_film),Comedy,,David Wain,,Paul Rudd,Jennifer Aniston,Malin Akerman,Justin Theroux,Ken Marino,35000000,24200000
War Dogs,2016-08-19,https://en.wikipedia.org/wiki/War_Dogs_(2016_film),Crime,Comedy,Todd Phillips,,Jonah Hill,Miles Teller,Ana de Armas,J. B. Blanc,,40000000,42700000
War Room,2015-08-28,https://en.wikipedia.org/wiki/War_Room_(film),Drama,,Alex Kendrick,,Alex Kendrick,Priscilla Shirer,T.C. Stallings,Beth Moore,Karen Abercrombie,3000000,73700000
Warcraft,2016-06-10,https://en.wikipedia.org/wiki/Warcraft_(film),Action,Fantasy,Duncan Jones,,Ben Foster,Travis Fimmel,Paula Patton,Toby Kebbell,Dominic Cooper,160000000,433500000
Warm Bodies,2013-02-01,https://en.wikipedia.org/wiki/Warm_Bodies_(film),Comedy,Horror,Jonathan Levine,,Nicholas Hoult,Teresa Palmer,Rob Corddry,John Malkovich,Analeigh Tipton,35000000,117000000
What Maisie Knew,2013-05-03,https://en.wikipedia.org/wiki/What_Maisie_Knew_(film),Drama,,Scott McGehee,David Siegel,Julianne Moore,Steve Coogan,Alexander Skarsgård,Joanna Vanderham,Onata Aprile,5000000,2700000
What to Expect When You're Expecting,2012-05-18,https://en.wikipedia.org/wiki/What_to_Expect_When_You%2527re_Expecting_(film),Comedy,,Kirk Jones,,Cameron Diaz,Jennifer Lopez,Brooklyn Decker,Elizabeth Banks,Anna Kendrick,40000000,84400000
When the Game Stands Tall,2014-08-04,https://en.wikipedia.org/wiki/When_the_Game_Stands_Tall,Religious,Drama,Thomas Carter,,Jim Caviezel,Laura Dern,Michael Chiklis,Alexander Ludwig,,15000000,30100000
Whiplash,2014-01-16,https://en.wikipedia.org/wiki/Whiplash_(2014_film),Drama,,Damien Chazelle,,J. K. Simmons,Miles Teller,Paul Reiser,Melissa Benoist,,3300000,49000000
Whiskey Tango Foxtrot,2016-03-04,https://en.wikipedia.org/wiki/Whiskey_Tango_Foxtrot_(film),Drama,Comedy,Glenn Ficarra,John Requa,Tina Fey,Margot Robbie,Martin Freeman,Billy Bob Thornton,Alfred Molina,35000000,24900000
White House Down,2013-06-28,https://en.wikipedia.org/wiki/White_House_Down,Action,,Roland Emmerich,,Channing Tatum,Jamie Foxx,Maggie Gyllenhaal,James Woods,Richard Jenkins,150000000,205000000
Wild,2014-08-29,https://en.wikipedia.org/wiki/Wild_(2014_film),Drama,,Jean-Marc Vallée,,Reese Witherspoon,Gaby Hoffmann,Michiel Huisman,Charles Baker,,15000000,52500000
Winter's Tale,2014-02-13,https://en.wikipedia.org/wiki/Winter%2527s_Tale_(film),Drama,Fantasy,Akiva Goldsman,,Colin Farrell,Russell Crowe,Jessica Brown Findlay,Jennifer Connelly,Will Smith,60000000,31100000
Wish I Was Here,2014-01-18,https://en.wikipedia.org/wiki/Wish_I_Was_Here,Drama,Comedy,Zach Braff,,Zach Braff,Kate Hudson,Jim Parsons,Mandy Patinkin,Ashley Greene,6000000,5500000
Woman in Gold,2015-04-01,https://en.wikipedia.org/wiki/Woman_in_Gold_(film),Drama,,Simon Curtis,,Helen Mirren,Ryan Reynolds,Daniel Brühl,Katie Holmes,Tatiana Maslany,11000000,61600000
Won't Back Down,2012-09-28,https://en.wikipedia.org/wiki/Won%2527t_Back_Down_(film),Drama,,Daniel Barnz,,Viola Davis,Maggie Gyllenhaal,Holly Hunter,Ving Rhames,Rosie Perez,19000000,5400000
Woodlawn,2015-10-16,https://en.wikipedia.org/wiki/Woodlawn_(film),Drama,,The Erwin Brothers,,Sean Astin,Nic Bishop,Caleb Castille,Sherri Shepherd,Jon Voight,13000000,14400000
World War Z,2013-06-21,https://en.wikipedia.org/wiki/World_War_Z_(film),Action,Horror,Marc Forster,,Brad Pitt,Mireille Enos,James Badge Dale,Daniella Kertesz,Matthew Fox,190000000,540000000
Wrath of the Titans,2012-03-30,https://en.wikipedia.org/wiki/Wrath_of_the_Titans,Action,Adventure,Jonathan Liebesman,,Sam Worthington,Liam Neeson,Ralph Fiennes,Edgar Ramirez,Rosamund Pike,150000000,305300000
X-Men: Apocalypse,2016-05-09,https://en.wikipedia.org/wiki/X-Men:_Apocalypse,Action,,Bryan Singer,,James McAvoy,Michael Fassbender,Jennifer Lawrence,Oscar Isaac,Nicholas Hoult,178000000,544600000
X-Men: Days of Future Past,2014-05-10,https://en.wikipedia.org/wiki/X-Men:_Days_of_Future_Past,Action,Adventure,Bryan Singer,,Hugh Jackman,James McAvoy,Michael Fassbender,Halle Berry,Jennifer Lawrence,200000000,747900000
You're Next,2013-08-23,https://en.wikipedia.org/wiki/You%2527re_Next,Horror,,Adam Wingard,,Sharni Vinson,Joe Swanberg,AJ Bowen,Nicholas Tucci,Barbara Crampton,1000000,26800000
Zero Dark Thirty,2012-12-19,https://en.wikipedia.org/wiki/Zero_Dark_Thirty,Drama,,Kathryn Bigelow,,Jessica Chastain,Chris Pratt,Joel Edgerton,Kyle Chandler,Jason Clarke,40000000,132800000
Zhong Kui: Snow Girl and the Dark Crystal,2015-02-19,https://en.wikipedia.org/wiki/Zhong_Kui:_Snow_Girl_and_the_Dark_Crystal,Romance,Fantasy,Peter Pau,,Li Bingbing,Chen Kun,Yang Zishan,Winston Chao,Bao Bei'er,30000000,64470000
Zoolander 2,2016-02-12,https://en.wikipedia.org/wiki/Zoolander_2,Comedy,,Ben Stiller,,Ben Stiller,Owen Wilson,Christine Taylor,Will Ferrell,Penélope Cruz,50000000,56000000